Offer,Option,Plan,Price,Variables,FAQ
GAME PASS ULTIMATE,PC,1 MOIS,950,247,
GAME PASS ULTIMATE,PC,3 MOIS,1400,542163133,
GAME PASS ULTIMATE,PC,5 MOIS,1800,,
GAME PASS ULTIMATE,PC,13 MOIS,3300,,
GAME PASS ULTIMATE,XBOX,5 MOIS,2800,,
GAME PASS ULTIMATE,XBOX,13 MOIS,4500,,"Game Pass Ultimate
๐ฎโจ ูููู ุจุชูุนูู ุงุดุชุฑุงู Game Pass Ultimate ุนูู ุญุณุงุจ ุฌุฏูุฏ ููุฏูู ูู.
โณ ูู ุฃุญุชุงุฌ ุฅูู ุฅุนุทุงุก ุญุณุงุจูุ
 ูุงุ ุณุชุญุตู ุนูู ุญุณุงุจ ุฌุฏูุฏ ูุน ุงูุงุดุชุฑุงู ุฌุงูุฒูุง ููุงุณุชุฎุฏุงู

Link ุงูุฎุงุต ุจุงูุจูุณุช:

https://www.instagram.com/p/Cxc1pCTNTi-/?igsh=MTNyOTduYXMxODA3dg==

โฑ๏ธ ูุง ูู ูุฏุฉ ุงูุชุณูููุ
โฉ ูุชู ุงูุชุณููู ูู ุบุถูู 15 ุฅูู 30 ุฏูููุฉ. ๐๐
ููุงุญุธุงุช ูุงูุฉ:
โจ ูุฑูููุง ูุนูู ุนูู ุถูุงู ุชุฌุฑุจุฉ ุณูุณุฉ ูุณุฑูุนุฉ ููุงูุฉ ุงูุนููุงุก.
๐ ูุฑุฌู ุงูุชุฃูุฏ ูู ุชุฒููุฏูุง ุจูุนูููุงุช ุฏูููุฉ ูุชุฌูุจ ุฃู ุชุฃุฎูุฑ ูู ุนูููุฉ ุงูุชุณููู."
ุฃูุนุงุจ STEAM OFFLINE,ูุนุจุฉ,,500,,
ุฃูุนุงุจ STEAM OFFLINE,ูุนุจุชูู,,900,,
ุฃูุนุงุจ STEAM OFFLINE,3 ุฃูุนุงุจ,,1300,,
ุฃูุนุงุจ STEAM OFFLINE,  4 ุฃูุนุงุจ + ูุงุญุฏุฉ ูุฌุงููุฉ๐ฅ,,2000,,"๐ฅ ุญุณุงุจุงุช STEAM ุฃูููุงูู โ ุฃูุถู ุฎูุงุฑ ูุชุฌุฑุจุฉ ุฃูุนุงุจ ุงููุตุฉ ุจุฌูุฏุฉ ูุงููุฉ ูุณุนุฑ ุฑูุฒู! ๐ฅ

โ ุชุณููู ููุฑู ุจุนุฏ ุงูุดุฑุงุก โ ุจุฏูู ุงูุชุธุงุฑ ุฃู ุชุนููุฏุงุช!
โ ุชูุนูู ุณูู ุฐุงุชู โ ุณุฌูู ุงูุฏุฎููุ ุญูููุ ูุงุจุฏุฃ ุงููุนุจ!
โ ูุนุจ ุขูู ุชูุงููุง ุฏูู ููุฏุงู ุงูุชูุฏู.
โ ุชุญููู ูุจุงุดุฑ ูู Steam โ ูุง ุญุงุฌุฉ ูุชูุฑูุช ุฃู ููุงูุน ุฎุงุฑุฌูุฉ.
โ ุชุดุบูู ุฃูููุงูู ูุงูู ุจุนุฏ ุงูุชูุนูู โ ุจุฏูู ุฅูุชุฑูุช ูุจุฏูู ูุดุงูู.
โ ูุง ูุคุซุฑ ุนูู ุญุณุงุจู ุงูุฃุณุงุณู โ ุฃูุนุงุจู ุงูุฃุตููุฉ ุชุจูู ุขููุฉ.
โ ูุดูู ุฌููุน ุงููDLCs ูุงูุชุญุฏูุซุงุช ุงููุณุชูุจููุฉ ูุฌุงููุง!
โ ูุณุฎ Deluxe / Premium ูุชููุฑุฉ ุฏุงุฆููุง ุฅู ูุฌุฏุช.
โ ูุซุงูู ูุฃูุนุงุจ ุงููุตุฉ (Single Player) โ ุงุณุชูุชุน ุจูุง ุญุฏูุฏ ูุจุฏูู ุฅุฒุนุงุฌุงุช ุฃูููุงูู.

๐ฎ ููู ุชุนูู ุงูุญุณุงุจุงุชุ

ุชุญุตู ุนูู ุญุณุงุจ Steam ุฎุงุต ุจูุง ูุน ุงููุนุจุฉ.

ุชุณุฌู ุงูุฏุฎูู ูุฑุฉ ูุงุญุฏุฉ ููุท.

ุชุญููู ูุชูุนูู ุงููุนุจุฉ ูู ุฏุงุฎู Steam.

ุชุญููู Steam ููุถุน Offline Mode.

ุงุณุชูุชุน ุจุงููุนุจ ุจุฏูู ุฅูุชุฑูุช ูุน ุญูุธ ูุงูู ููุชูุฏู.

๐ก ุฃุณุฑุน ูุฃุณูู ุทุฑููุฉ ูู ุงูุณูู โ ุณุฌูู ูุงุจุฏุฃ ุงููุนุจ ููุฑูุง!
โจ ุชุฌุฑุจุฉ ูุฑูุญุฉ ููููุฉ ููุญุจู ุฃูุนุงุจ ุงููุตุฉ โ ูุง ุชูููุช!"
PUBG MOBILE ุดุญู,60 UC,,300,,
PUBG MOBILE ุดุญู,325 UC,,1290,,
PUBG MOBILE ุดุญู,660 UC,,2550,,
PUBG MOBILE ุดุญู,1800 UC,,5900,,
PUBG MOBILE ุดุญู,3850 UC,,12000,,"PUBG MOBILE
๐ฌ๐ฅ  ูููู ุจุงูุดุฑุงุก ุนูู ุญุณุงุจู. ุจุงุณุชุฎุฏุงู ุงูุฃูุฏู
โฑ๏ธ ูุง ูู ูุฏุฉ ุงูุชุณูููุ
โฉ ูุชู ุงูุชุณููู ูู ุบุถูู 15 ุฅูู 30 ุฏูููุฉ. ๐ฎโจ
ููุงุญุธุงุช ูุงูุฉ:
โจ ูุฑูููุง ูุนูู ุนูู ุถูุงู ุชุฌุฑุจุฉ ุณูุณุฉ ูุณุฑูุนุฉ ููุงูุฉ ุงูุนููุงุก.
๐ ูุฑุฌู ุงูุชุฃูุฏ ูู ุชุฒููุฏูุง ุจูุนูููุงุช ุฏูููุฉ ูุชุฌูุจ ุฃู ุชุฃุฎูุฑ ูู ุนูููุฉ ุงูุชุณููู."
LEAGUE OF LEGENDS RP,575,,1400,,
LEAGUE OF LEGENDS RP,3190,,6550,,
LEAGUE OF LEGENDS RP,4500,,9150,,
LEAGUE OF LEGENDS RP,6500,,13200,,"ุทุฑููุฉ ุดุญู ููุฏ ูุฏูุฉ League of Legends:

ุจุนุฏ ุดุฑุงุกู ููุฏ Riot PIN ูู ุตูุญุชูุงุ ุณูุชู ุฅุฑุณุงู ุงูููุฏ ุฅููู ููุฑูุง.

ุงูุชุญ ูุนุจุฉ League of Legends ูุณุฌูู ุงูุฏุฎูู ุฅูู ุญุณุงุจู.

ุงุถุบุท ุนูู ุฑูุฒ ุงูุตูุฏูู (ุงููุชุฌุฑ) ุซู ุงุฎุชุฑ ุดุฑุงุก RP.

ุงุฎุชุฑ ุทุฑููุฉ ุงูุฏูุน ุงูุจุทุงูุงุช ุงููุฏููุนุฉ ูุณุจููุง (Prepaid Cards)ุ ูุฃุฏุฎู ุงูููุฏ ุงูุฐู ูุตูู.

ุงุถุบุท ุนูู ุชุฃููุฏ (Submit)ุ ูุณูุชู ุดุญู ุงูุฑุตูุฏ ูุจุงุดุฑุฉ.

๐ฎ ุฌุงูุฒ ุชุนุฒุฒ ุญุณุงุจูุ ุงุทูุจ ุงูููุฏ ุงูุขู ูู ุตูุญุชูุง ูุงุจุฏุฃ ุงููุชุนุฉ! ๐ฅ"
BLOOD STRIKE ุดุญู,STRIKE PASS ELITE,,1000,,
BLOOD STRIKE ุดุญู,STRIKE PASS PREMIUM,,2050,,
BLOOD STRIKE ุดุญู,116 GOLDS,,250,,
BLOOD STRIKE ุดุญู,352 GOLDS,,800,,
BLOOD STRIKE ุดุญู,594 GOLDS,,1200,,
BLOOD STRIKE ุดุญู,1210 GOLDS,,2350,,
BLOOD STRIKE ุดุญู,2486 GOLDS,,4500,,
BLOOD STRIKE ุดุญู,6380 GOLDS,,11500,,
BLOOD STRIKE ุดุญู,LEVEL UP PASS,,750,,
BLOOD STRIKE ุดุญู,099 DEAL,,300,,"BLOOD STRIKE
๐ฌ๐ฅ  ูููู ุจุงูุดุฑุงุก ุนูู ุญุณุงุจู. ุจุงุณุชุฎุฏุงู ุงูุฃูุฏู
โฑ๏ธ ูุง ูู ูุฏุฉ ุงูุชุณูููุ
โฉ ูุชู ุงูุชุณููู ูู ุบุถูู 15 ุฅูู 30 ุฏูููุฉ. ๐ฎโจ
ููุงุญุธุงุช ูุงูุฉ:
โจ ูุฑูููุง ูุนูู ุนูู ุถูุงู ุชุฌุฑุจุฉ ุณูุณุฉ ูุณุฑูุนุฉ ููุงูุฉ ุงูุนููุงุก.
๐ ูุฑุฌู ุงูุชุฃูุฏ ูู ุชุฒููุฏูุง ุจูุนูููุงุช ุฏูููุฉ ูุชุฌูุจ ุฃู ุชุฃุฎูุฑ ูู ุนูููุฉ ุงูุชุณููู."
MOBILE LEGENDS ุดุญู,42,DIAMONDS,300,,
MOBILE LEGENDS ุดุญู,56,DIAMONDS,350,,
MOBILE LEGENDS ุดุญู,86,DIAMONDS,400,,
MOBILE LEGENDS ุดุญู,112,DIAMONDS,600,,
MOBILE LEGENDS ุดุญู,140,DIAMONDS,800,,
MOBILE LEGENDS ุดุญู,172,DIAMONDS,830,,
MOBILE LEGENDS ุดุญู,257,DIAMONDS,1000,,
MOBILE LEGENDS ุดุญู,279,DIAMONDS,1300,,
MOBILE LEGENDS ุดุญู,284,DIAMONDS,1350,,
MOBILE LEGENDS ุดุญู,336,DIAMONDS,1600,,
MOBILE LEGENDS ุดุญู,355,DIAMONDS,1700,,
MOBILE LEGENDS ุดุญู,370,DIAMONDS,1900,,
MOBILE LEGENDS ุดุญู,518,DIAMONDS,2150,,
MOBILE LEGENDS ุดุญู,570,DIAMONDS,2350,,
MOBILE LEGENDS ุดุญู,706,DIAMONDS,2600,,
MOBILE LEGENDS ุดุญู,963,DIAMONDS,3500,,
MOBILE LEGENDS ุดุญู,1067,DIAMONDS,4100,,
MOBILE LEGENDS ุดุญู,1084,DIAMONDS,4200,,
MOBILE LEGENDS ุดุญู,1163,DIAMONDS,4350,,
MOBILE LEGENDS ุดุญู,1584,DIAMONDS,5550,,
MOBILE LEGENDS ุดุญู,1704,DIAMONDS,6450,,
MOBILE LEGENDS ุดุญู,1733,DIAMONDS,6500,,
MOBILE LEGENDS ุดุญู,2195,DIAMONDS,7200,,
MOBILE LEGENDS ุดุญู,2398,DIAMONDS,8300,,
MOBILE LEGENDS ุดุญู,2855,DIAMONDS,10500,,"MOBILE LEGENDS BANG BANG
๐ฌ๐ฅ  ูููู ุจุงูุดุฑุงุก ุนูู ุญุณุงุจู. ุจุงุณุชุฎุฏุงู ุงูุฃูุฏู
โฑ๏ธ ูุง ูู ูุฏุฉ ุงูุชุณูููุ
โฉ ูุชู ุงูุชุณููู ูู ุบุถูู 15 ุฅูู 30 ุฏูููุฉ. ๐ฎโจ
ููุงุญุธุงุช ูุงูุฉ:
โจ ูุฑูููุง ูุนูู ุนูู ุถูุงู ุชุฌุฑุจุฉ ุณูุณุฉ ูุณุฑูุนุฉ ููุงูุฉ ุงูุนููุงุก.
๐ ูุฑุฌู ุงูุชุฃูุฏ ูู ุชุฒููุฏูุง ุจูุนูููุงุช ุฏูููุฉ ูุชุฌูุจ ุฃู ุชุฃุฎูุฑ ูู ุนูููุฉ ุงูุชุณููู."
CALL OF DUTY ุดุญู,,200 POINTS,550,,
CALL OF DUTY ุดุญู,,500 POINTS,1250,,
CALL OF DUTY ุดุญู,,1100 POINTS,2300,,
CALL OF DUTY ุดุญู,,2400 POINTS,4400,,
CALL OF DUTY ุดุญู,,5000 POINTS,8800,,
CALL OF DUTY ุดุญู,,9500 POINTS,15500,,
CALL OF DUTY ุดุญู,,13000 POINTS,19500,,
CALL OF DUTY ุดุญู,,PACKS,4400,,"๐ฎ๐ฅ ูู ุชูุนุจ Call of Duty ูุชุญุชุงุฌ ุดุญู CP ุจุณุฑุนุฉ ูุฃูุงูุ๐ฅ ูุญู ููุง ูููุฑ ูู ุฎุฏูุฉ ุดุญู ุงุญุชุฑุงููุฉ ูุจุงุดุฑุฉ ุนูู ุญุณุงุจู โ ุจุฏูู ุฃููุงุฏุ ุจุฏูู ุชุนููุฏ! โโก

๐ ููุท ุชุฑุณู ุญุณุงุจูุ ูุงูุจุงูู ุนูููุง!๐ ุงูุฎุฏูุฉ ุชุญุชุงุฌ ุงูุฏุฎูู ูุญุณุงุจู ูุชูููุฐ ุงูุดุญู ุจุดูู ูุจุงุดุฑ ูุฏููู.

๐ป๐น๏ธ ุชุดุชุบู ุนูู ูู ุงูููุตุงุช:๐น PlayStation โ๐น Xbox โ๐น PC โ๐ฏ ูููุง ูุงูุช ููุตุชูุ ูุญู ูุบุทููุง!

โฑ๏ธ ูุฏุฉ ุงูุชุณูููุ๐ ุฎูุงู 15 ุฅูู 30 ุฏูููุฉ ููุท โ ุณุฑูุนูู ูููุซูููู ๐ช๐จ

๐ธ ุฃุณุนุงุฑูุง ุชูุงูุณูุฉ ูุจุฃูุถู ุงูุนุฑูุถ ๐ฏยย

๐ก๏ธ ูู ุดูุก ูุชู ุจุฃูุงู ุชุงู ูุจุงุญุชุฑุงููุฉ ุนุงููุฉ!"
ROCKET LEAGUE,,500 CREDITS,1300,,
ROCKET LEAGUE,,1100 CREDITS,2200,,
ROCKET LEAGUE,,3000 CREDITS,4800,,
ROCKET LEAGUE,,6500 CREDITS,8700,,
ROCKET LEAGUE,,100 ESPORTS CREDITS,500,,
ROCKET LEAGUE,,600 ESPORTS CREDITS,1300,,
ROCKET LEAGUE,,1200 ESPORTS CREDITS,2200,,
ROCKET LEAGUE,,2500 ESPORTS CREDITS,4000,,"Rocket League
โฝ๏ธ๐ ูููู ุจุดุญู ุญุณุงุจู ูู Rocket League.
๐ ูู ุฃุญุชุงุฌ ุฅูู ุฅุนุทุงุก ุญุณุงุจูุ
โ๏ธ ูุนูุ ุชุญุชุงุฌ ุฅูู ุชุฒููุฏูุง ุจุจูุงูุงุช ุญุณุงุจู EPIC GAMESุ ูุณูููู ุจุงูุดุญู ูู.
โฑ๏ธ ูุง ูู ูุฏุฉ ุงูุชุณูููุ
โก ูุชู ุงูุชุณููู ูู ุบุถูู 15 ุฅูู 30 ุฏูููุฉ. ๐ฎโจ
ููุงุญุธุงุช ูุงูุฉ:
โจ ูุฑูููุง ูุนูู ุนูู ุถูุงู ุชุฌุฑุจุฉ ุณูุณุฉ ูุณุฑูุนุฉ ููุงูุฉ ุงูุนููุงุก.
๐ ูุฑุฌู ุงูุชุฃูุฏ ูู ุชุฒููุฏูุง ุจูุนูููุงุช ุฏูููุฉ ูุชุฌูุจ ุฃู ุชุฃุฎูุฑ ูู ุนูููุฉ ุงูุชุณููู.
"
FORTNITE ุดุญู,,1000 V-BUCKS,1600,,
FORTNITE ุดุญู,,2800 V-BUCKS,3700,,"
"
FORTNITE ุดุญู,,5000 V-BUCKS,5700,,
FORTNITE ุดุญู,,13500 V-BUCKS,13500,,
FORTNITE ุดุญู,Ninja Sarah Quest Pack + 1500 V-BUCKS,,2400,,
FORTNITE ุดุญู,Stayin' solo Pack  1000 V-BUCKS,,1600,,
FORTNITE ุดุญู,Graffiti Revolution Pack 800 vbucks,,950,,
FORTNITE ุดุญู,Xerick Starter Pack 1500 Vbucks,,3000,,
FORTNITE ุดุญู,Golden Tactical Pack,,2800,,
FORTNITE ุดุญู,FORTNITE CREW/CLUB,1 MOIS,1500,,
FORTNITE ุดุญู,FORTNITE CREW/CLUB,3 MOIS,2500,,
FORTNITE ุดุญู,FORTNITE CREW,6 MOIS,3600,,"Fortnite Packs & Crew & V-BUCKS
๐๐ฅ ูููู ุจุชูุนูู ุงุดุชุฑุงู EPIC GAMES ุฃู ุดุญู ุงูุจุงูุงุช ุนูู ุญุณุงุจู.
๐ ูู ุฃุญุชุงุฌ ุฅูู ุฅุนุทุงุก ุญุณุงุจูุ
โ๏ธ ูุนูุ ุชุญุชุงุฌ ุฅูู ุชุฒููุฏูุง ุจุจูุงูุงุช ุญุณุงุจู EPIC GAMESุ ูุณูููู ุจุงูุฅุถุงูุฉ ูู.
โฑ๏ธ ูุง ูู ูุฏุฉ ุงูุชุณูููุ
๐ ูุชู ุงูุชุณููู ูู ุบุถูู 15 ุฅูู 30 ุฏูููุฉ. ๐ผโจ
ููุงุญุธุงุช ูุงูุฉ:
โจ ูุฑูููุง ูุนูู ุนูู ุถูุงู ุชุฌุฑุจุฉ ุณูุณุฉ ูุณุฑูุนุฉ ููุงูุฉ ุงูุนููุงุก.
๐ ูุฑุฌู ุงูุชุฃูุฏ ูู ุชุฒููุฏูุง ุจูุนูููุงุช ุฏูููุฉ ูุชุฌูุจ ุฃู ุชุฃุฎูุฑ ูู ุนูููุฉ ุงูุชุณููู."
FORTNITE GIFT,,,"
ุฃุณุนุงุฑ FORTNITE GIFTING:
Emotes ta3 500 V-BUCKS 600DA
FLEXY=780DA
Skin/axe 800 V-BUCKS 950DA
FLEXY=1240DA
SKIN 1200 V-BUCKS 1450DA
FLEXY=1890DA
SKIN 1500 V-BUCKS 1800DA
FELXY=2340DA
SKIN 1800 V-BUCKS 2150DA
FLEXY=2790DA

SKINS/BUNDLES 2000 V-BUCKS: 2350 DA
FLEXY= 2900

--------------------------------
ุฑูู ุงููููุณู:0542163133
--------------------------------

ุงุถูููุง ุญุณุงุจูุง ูู  EPIC GAMES:


   ""WEB4UFO""",,"Fortnite Gifting
๐โจ ูููู ุจุฅุฑุณุงู ูุฏุงูุง ุฏุงุฎู ูุนุจุฉ Fortnite ุฅูู ุญุณุงุจู.
๐ ูู ุฃุญุชุงุฌ ุฅูู ุฅุนุทุงุก ุญุณุงุจูุ
โ ูุงุ ููุท ุฃุถู ุญุณุงุจุงุชูุง ูุงูุชุธุฑ 48 ุณุงุนุฉ ูุจู ุฃู ูุชููู ูู ุงูุฅุฑุณุงู.
โฑ๏ธ ูุง ูู ูุฏุฉ ุงูุชุณููู ุจุนุฏ 48 ุณุงุนุฉุ
โก ุจุนุฏ ุฐููุ ูููู ุงูุทูุจ ูุจุงุดุฑุฉู ุฏูู ุฃู ุชุฃุฎูุฑ. ๐๐
ููุงุญุธุงุช ูุงูุฉ:
โจ ูุฑูููุง ูุนูู ุนูู ุถูุงู ุชุฌุฑุจุฉ ุณูุณุฉ ูุณุฑูุนุฉ ููุงูุฉ ุงูุนููุงุก.
"
MARVEL RIVALS ุดุญู,100 Lattices,,400,,
MARVEL RIVALS ุดุญู,500 Lattices,,1350,,
MARVEL RIVALS ุดุญู,1000 Lattices,,2500,,
MARVEL RIVALS ุดุญู,2180 Lattices,,4750,,
MARVEL RIVALS ุดุญู,5680 Lattices,,11650,,
MARVEL RIVALS ุดุญู,11680 Lattices,,22500,,"
๐ฌ๐ฅ  ูููู ุจุงูุดุฑุงุก ุนูู ุญุณุงุจู. ุจุงุณุชุฎุฏุงู ุงูุฃูุฏู
โฑ๏ธ ูุง ูู ูุฏุฉ ุงูุชุณูููุ
โฉ ูุชู ุงูุชุณููู ูู ุบุถูู 15 ุฅูู 30 ุฏูููุฉ. ๐ฎโจ
ููุงุญุธุงุช ูุงูุฉ:
โจ ูุฑูููุง ูุนูู ุนูู ุถูุงู ุชุฌุฑุจุฉ ุณูุณุฉ ูุณุฑูุนุฉ ููุงูุฉ ุงูุนููุงุก.
๐ ูุฑุฌู ุงูุชุฃูุฏ ูู ุชุฒููุฏูุง ุจูุนูููุงุช ุฏูููุฉ ูุชุฌูุจ ุฃู ุชุฃุฎูุฑ ูู ุนูููุฉ ุงูุชุณููู."
GENSHIN IMPACT  ุดุญู,BLESSING OF THE WELKIN MOON/PASS(3000 PRIMOGEMS TOTAL),,1300,,
GENSHIN IMPACT  ุดุญู,60 PRIMO GEMS/ 120(ูู ุญุงูุฉ ุงูุดุญู ูููุฑุฉ ุงูุฃููู),,350,,
GENSHIN IMPACT  ุดุญู,330 PRIMO GEMS/600(ูู ุญุงูุฉ ุงูุดุญู ูููุฑุฉ ุงูุฃููู),,1300,,
GENSHIN IMPACT  ุดุญู,1090 PRIMO GEMS/ 1960(ูู ุญุงูุฉ ุงูุดุญู ูููุฑุฉ ุงูุฃููู),,3300,,
GENSHIN IMPACT  ุดุญู,2240 PRIMO GEMS/ 2960(ูู ุญุงูุฉ ุงูุดุญู ูููุฑุฉ ุงูุฃููู),,7000,,
GENSHIN IMPACT  ุดุญู,3880 PRIMO GEMS/ 6560(ูู ุญุงูุฉ ุงูุดุญู ูููุฑุฉ ุงูุฃููู),,10500,,"ูููู ุจุงูุดุญู ูุจุงุดุฑุฉ ูู ุงูุญุณุงุจโ
๐ ูู ุฃุญุชุงุฌ ุฅูู ุฅุนุทุงุก ุญุณุงุจูุ
โ๏ธ ูุนูุ ุชุญุชุงุฌ ุฅูู ุชุฒููุฏูุง ุจุจูุงูุงุช ุญุณุงุจูุ ูุณูููู ุจุงูุชูุนูู ูู.
โฑ๏ธ ูุง ูู ูุฏุฉ ุงูุชุณูููุ
โก ูุชู ุงูุชุณููู ูู ุบุถูู 15 ุฅูู 30 ุฏูููุฉ. ๐ง๐
ููุงุญุธุงุช ูุงูุฉ:
โจ ูุฑูููุง ูุนูู ุนูู ุถูุงู ุชุฌุฑุจุฉ ุณูุณุฉ ูุณุฑูุนุฉ ููุงูุฉ ุงูุนููุงุก.
๐ ูุฑุฌู ุงูุชุฃูุฏ ูู ุชุฒููุฏูุง ุจูุนูููุงุช ุฏูููุฉ ูุชุฌูุจ ุฃู ุชุฃุฎูุฑ ูู ุนูููุฉ ุงูุชุณููู."""
BRAWL STARS ุดุญู,BRAWL PASS,,1150,,
BRAWL STARS ุดุญู,BRAWL PASS PLUS,,1450,,
BRAWL STARS ุดุญู,PRO PASS,,3450,,
BRAWL STARS ุดุญู,1100 POWER POINTS,,700,,
BRAWL STARS ุดุญู,3300 POWER POINTS,,1450,,
BRAWL STARS ุดุญู,2200 COINS,,700,,
BRAWL STARS ุดุญู,6600 COINS,,1450,,
BRAWL STARS ุดุญู,33 GEMS,,400,,
BRAWL STARS ุดุญู,88 GEMS,,900,,
BRAWL STARS ุดุญู,187 GEMS,,1450,,
BRAWL STARS ุดุญู,396 GEMS,,2900,,
BRAWL STARS ุดุญู,1045 GEMS,,6000,,
BRAWL STARS ุดุญู,2200 GEMS,,13500,,"
๐ฌ๐ฅ  ูููู ุจุงูุดุฑุงุก ุนูู ุญุณุงุจู. ุจุงุณุชุฎุฏุงู ุงูุฃูุฏู
โฑ๏ธ ูุง ูู ูุฏุฉ ุงูุชุณูููุ
โฉ ูุชู ุงูุชุณููู ูู ุบุถูู 15 ุฅูู 30 ุฏูููุฉ. ๐ฎโจ
ููุงุญุธุงุช ูุงูุฉ:
โจ ูุฑูููุง ูุนูู ุนูู ุถูุงู ุชุฌุฑุจุฉ ุณูุณุฉ ูุณุฑูุนุฉ ููุงูุฉ ุงูุนููุงุก.
๐ ูุฑุฌู ุงูุชุฃูุฏ ูู ุชุฒููุฏูุง ุจูุนูููุงุช ุฏูููุฉ ูุชุฌูุจ ุฃู ุชุฃุฎูุฑ ูู ุนูููุฉ ุงูุชุณููู."
CLASH OF CLANS ุดุญู,EVENT PASS - ุชุฐูุฑุฉ ุงูุญุฏุซ,,1450,,
CLASH OF CLANS ุดุญู,GOLD PASS - ุงูุชุฐูุฑุฉ ุงูุฐูุจูุฉ,,2150,,
CLASH OF CLANS ุดุญู,80 GEMS,,400,,
CLASH OF CLANS ุดุญู,500 GEMS,,1450,,
CLASH OF CLANS ุดุญู,1200 GEMS,,2900,,
CLASH OF CLANS ุดุญู,2500 GEMS,,6000,,
CLASH OF CLANS ุดุญู,6500 GEMS,,13500,,
CLASH OF CLANS ุดุญู,14000 GEMS,,25000,,"
๐ฌ๐ฅ  ูููู ุจุงูุดุฑุงุก ุนูู ุญุณุงุจู. ุจุงุณุชุฎุฏุงู ุงูุฃูุฏู
โฑ๏ธ ูุง ูู ูุฏุฉ ุงูุชุณูููุ
โฉ ูุชู ุงูุชุณููู ูู ุบุถูู 15 ุฅูู 30 ุฏูููุฉ. ๐ฎโจ
ููุงุญุธุงุช ูุงูุฉ:
โจ ูุฑูููุง ูุนูู ุนูู ุถูุงู ุชุฌุฑุจุฉ ุณูุณุฉ ูุณุฑูุนุฉ ููุงูุฉ ุงูุนููุงุก.
๐ ูุฑุฌู ุงูุชุฃูุฏ ูู ุชุฒููุฏูุง ุจูุนูููุงุช ุฏูููุฉ ูุชุฌูุจ ุฃู ุชุฃุฎูุฑ ูู ุนูููุฉ ุงูุชุณููู."
CLASH ROYALE ุดุญู,DAILY OFFER,,1450,,
CLASH ROYALE ุดุญู,DIAMOND PASS,,3400,,
CLASH ROYALE ุดุญู,ROYAL STARTER PACK,,400,,
CLASH ROYALE ุดุญู,80 GEMS,,400,,
CLASH ROYALE ุดุญู,500 GEMS,,1450,,
CLASH ROYALE ุดุญู,1200 GEMS,,2900,,
CLASH ROYALE ุดุญู,2500 GEMS,,6000,,
CLASH ROYALE ุดุญู,6500 GEMS,,13500,,
CLASH ROYALE ุดุญู,14000 GEMS,,25000,,"
๐ฌ๐ฅ  ูููู ุจุงูุดุฑุงุก ุนูู ุญุณุงุจู. ุจุงุณุชุฎุฏุงู ุงูุฃูุฏู
โฑ๏ธ ูุง ูู ูุฏุฉ ุงูุชุณูููุ
โฉ ูุชู ุงูุชุณููู ูู ุบุถูู 15 ุฅูู 30 ุฏูููุฉ. ๐ฎโจ
ููุงุญุธุงุช ูุงูุฉ:
โจ ูุฑูููุง ูุนูู ุนูู ุถูุงู ุชุฌุฑุจุฉ ุณูุณุฉ ูุณุฑูุนุฉ ููุงูุฉ ุงูุนููุงุก.
๐ ูุฑุฌู ุงูุชุฃูุฏ ูู ุชุฒููุฏูุง ุจูุนูููุงุช ุฏูููุฉ ูุชุฌูุจ ุฃู ุชุฃุฎูุฑ ูู ุนูููุฉ ุงูุชุณููู."
LORDS MOBILE ุดุญู,7D DIAMOND PASS 199 DIAMONDS + 30 DIAMOND * 7 JOURS (TOTAL 410),,800,,
LORDS MOBILE ุดุญู,30D DIAMOND PASS 1999 DIAMONDS + 70 DIAMOND * 30 JOURS (TOTAL 4100),,5500,,
LORDS MOBILE ุดุญู,99 DIAMONDS,,400,,
LORDS MOBILE ุดุญู,199 DIAMONDS,,800,,
LORDS MOBILE ุดุญู,499 DIAMONDS,,1450,,
LORDS MOBILE ุดุญู,999 DIAMONDS,,2900,,
LORDS MOBILE ุดุญู,1999 DIAMONDS,,5500,,
LORDS MOBILE ุดุญู,2499 DIAMONDS,,6650,,
LORDS MOBILE ุดุญู,2999 DIAMONDS,,8000,,
LORDS MOBILE ุดุญู,3999 DIAMONDS,,10800,,
LORDS MOBILE ุดุญู,4999 DIAMONDS,,13500,,
LORDS MOBILE ุดุญู,9999 DIAMOND,,25200,,
LORDS MOBILE ุดุญู,19999 DIAMOND,,50000,,"
๐ฌ๐ฅ  ูููู ุจุงูุดุฑุงุก ุนูู ุญุณุงุจู. ุจุงุณุชุฎุฏุงู ุงูุฃูุฏู
โฑ๏ธ ูุง ูู ูุฏุฉ ุงูุชุณูููุ
โฉ ูุชู ุงูุชุณููู ูู ุบุถูู 15 ุฅูู 30 ุฏูููุฉ. ๐ฎโจ
ููุงุญุธุงุช ูุงูุฉ:
โจ ูุฑูููุง ูุนูู ุนูู ุถูุงู ุชุฌุฑุจุฉ ุณูุณุฉ ูุณุฑูุนุฉ ููุงูุฉ ุงูุนููุงุก.
๐ ูุฑุฌู ุงูุชุฃูุฏ ูู ุชุฒููุฏูุง ุจูุนูููุงุช ุฏูููุฉ ูุชุฌูุจ ุฃู ุชุฃุฎูุฑ ูู ุนูููุฉ ุงูุชุณููู."
LAGOFAST VIP,,1 MOIS,1250,,
LAGOFAST VIP,,3 MOIS,2000,,
LAGOFAST VIP,,12 MOIS,3300,,"๐ฌ๐ฅ ูุง ูู LagoFastุ
๐ฏ LagoFast ุจุฑูุงูุฌ ุงุญุชุฑุงูู ูุชุณุฑูุน ุงูุฃูุนุงุจ ูุชูููู ุงููPing ๐ฎโกุ ูุญุณู ุชุฌุฑุจุฉ ุงููุนุจ ุนูู ุงูููุจููุชุฑ ูุงูุฌูุงู (iOS ูAndroid) ๐ฑ๐ป๐
ูููุง ูุงูุช ูุนุจุชูุ LagoFast ูุถูู ุงุชุตุงู ุฃุณุฑุน ููุนุจ ุจุฏูู ุชูุทูุน! ๐ฅโจ

โฑ๏ธ ูุฏุฉ ุงูุชุณูููุ
โฉ ุฎูุงู 15 ุฅูู 30 ุฏูููุฉ ุจุนุฏ ุชุฃููุฏ ุงูุทูุจ ูุงุณุชูุงู ุงูุญุณุงุจ! โณ๐ฎ

๐ ููู ูุชู ุงูุชูุนููุ
๐ค ุฃุฑุณู ุญุณุงุจู ุงูุฎุงุต ๐จ๐ณ ูููุนู ูุจุงุดุฑุฉ ุนูู ุญุณุงุจู ๐ฎ๐
ูุง ุฎุทูุงุช ุฅุถุงููุฉ โ ููุท ุฃุฑุณู ุงูุญุณุงุจ ูุงูุชุธุฑ ุงูุชูุนูู ุงูุณุฑูุน! โกโ

๐ ูุฏุฉ ุงูุงุดุชุฑุงูุ
๐๏ธ ุฎุทุท ุดูุฑูุฉ ูุฃุทูู ุญุณุจ ุงุญุชูุงุฌู ๐ธ๐ ุงุฎุชุฑ ุงููุฏุฉ ุงูููุงุณุจุฉ ูู! โฑ๏ธ

๐ ุงูุฃูุนุงุจ ุงููุฏุนููุฉุ
๐น๏ธ PUBGุ Call of Dutyุ Fortniteุ Valorantุ Free Fireุ ูุฃูุซุฑ! ๐๐ฎ

๐ฑ ุงูุฃุฌูุฒุฉ ุงููุฏุนููุฉุ
โ Windows ๐ปุ Android ๐ฑุ iOS ๐

โจ ูุฑูููุง ูุถูู ุชุฌุฑุจุฉ ุณูุณุฉ ูุณุฑูุนุฉุ ูุฑุฌู ุชุฒููุฏูุง ุจูุนูููุงุช ุฏูููุฉ ูุชุฌูุจ ุงูุชุฃุฎูุฑ. ๐"
EXITLAG,,1 MOIS,1250,,
EXITLAG,,12 MOIS ,5000,,"๐ฌ๐ฅ ูุง ูู ExitLagุ๐ฏ ExitLag ูู ุจุฑูุงูุฌ ูุชุฎุตุต ูู ุชูููู ุงููPing ูุชุญุณูู ุงูุงุชุตุงู ูู ุงูุฃูุนุงุจ ุฃูููุงูู ๐ฎโกุ ูููุนุฏ ูู ุฃูุถู ุงูุฃุฏูุงุช ูุนุดุงู ุงูุฃูุนุงุจ ุงูุชูุงูุณูุฉ! ๐ูุณุงุนุฏู ูู ุงูุชุฎูุต ูู ุงูุชูุทูุนุ ุชูููู ุงูุชุฃุฎูุฑุ ูุฒูุงุฏุฉ ุงุณุชูุฑุงุฑ ุงูุดุจูุฉ ๐ถ๐ช

โฑ๏ธ ูุง ูู ูุฏุฉ ุงูุชุณูููุโฉ ูุชู ุงูุชุณููู ูู ุบุถูู 15 ุฅูู 30 ุฏูููุฉ ููุท ุจุนุฏ ุงุณุชูุงู ุงูุญุณุงุจ ูุชุฃููุฏ ุงูุทูุจ! โณ๐

๐ ููู ูุชู ุงูุชูุนููุ๐ค ุงูุนููู ูููู ุจุฅุฑุณุงู ุญุณุงุจู ุงูุฎุงุต ุจูุง ๐จ๐ณ ูููู ุจุงูุดุฑุงุก ูุงูุชูุนูู ูุจุงุดุฑุฉ ุนูู ุงูุญุณุงุจ  ๐ฎ๐ ูู ุดูุก ูุชู ุจุฃูุงู ูุงุญุชุฑุงููุฉ ุชุงูุฉ โ ููุท ุฃุฑุณู ุญุณุงุจู ูุงูุชุธุฑ ุงูุชูุนูู! โโจ

๐ ูุง ูู ูุฏุฉ ุงูุงุดุชุฑุงูุ๐๏ธ ุชุชููุฑ ุงุดุชุฑุงูุงุช ุดูุฑูุฉ ูุญุชู 12 ุดูุฑ ุญุณุจ ุฑุบุจุชู ๐ธ๐ุงุฎุชุฑ ุงููุฏุฉ ุงููู ุชูุงุณุจ ุงุญุชูุงุฌู ูู ุงููุนุจ! ๐ฎโฑ๏ธ

๐ ูุง ูู ุงูุฃูุนุงุจ ุงููู ูุฏุนููุง ExitLagุ๐น๏ธ ูุฏุนู ุขูุงู ุงูุฃูุนุงุจ ุงูุนุงูููุฉ ูู ุจูููุง:๐ธ League of Legends๐ธ Valorant๐ธ Call of Duty๐ธ Fortnite๐ธ Apex Legends๐ธ ูุฃูุซุฑ ุจูุซูุฑ! ๐๐ฅ

๐ฑ ุนูู ุฃู ุฃุฌูุฒุฉ ูุนููุโ ูุฏุนู EXITLAG ูู ุงูููุตุงุช ุงูุชุงููุฉ:

๐น Windows ๐ป

๐น Android ๐ฑ

๐น iOS ๐๐ฉ 



ููุงุญุธุงุช ูุงูุฉ:โจ ูุฑูููุง ูุนูู ุนูู ุถูุงู ุชุฌุฑุจุฉ ุณูุณุฉ ูุณุฑูุนุฉ ููุงูุฉ ุงูุนููุงุก.๐ ูุฑุฌู ุงูุชุฃูุฏ ูู ุชุฒููุฏูุง ุจูุนูููุงุช ุฏูููุฉ ูุชุฌูุจ ุฃู ุชุฃุฎูุฑ ูู ุนูููุฉ ุงูุชุณููู.
"
EA PLAY,PC,1 MOIS,1350,,
EA PLAY,PC,12 MOIS,6500,,"๐ฌ๐ฅ ูุง ูู ุฎุฏูุฉ EA Playุ๐ฎ EA Play ูู ุฎุฏูุฉ ุงุดุชุฑุงู ููุฏูุฉ ูู ุดุฑูุฉ EA ุชููุญู ูุตูููุง ุญุตุฑููุง ุฅูู ูุฌููุนุฉ ุถุฎูุฉ ูู ุงูุฃูุนุงุจ ุงูุฑุงุฆุนุฉ ูุซู FIFAุ Battlefieldุ Need for Speed ูุงููุฒูุฏ! ๐น๏ธ๐ฅุงุญุตู ุนูู ุชุฌุงุฑุจ ูุจูุฑุฉุ ุฎุตููุงุชุ ูููุชุจุฉ ุฃูุนุงุจ ุถุฎูุฉ ุชูุชุธุฑู! ๐๐

โฑ๏ธ ูุง ูู ูุฏุฉ ุงูุชุณูููุโฉ ูุชู ุงูุชูุนูู ูู ุบุถูู 15 ุฅูู 30 ุฏูููุฉ ููุท ุจุนุฏ ุงุณุชูุงู ุงูุญุณุงุจ! โณ๐ฎ

๐ ููู ูุชู ุงูุชูุนููุ๐ค ุงูุนููู ูููู ุจุฅุฑุณุงู ุญุณุงุจู ุงูุฎุงุต ๐จ๐ณ ูููู ุจุงูุชูุนูู ูุจุงุดุฑุฉ ุนูู ุญุณุงุจู  ๐ฎ๐ ูุง ุญุงุฌุฉ ูุฃู ุฎุทูุงุช ูู ุทุฑูู โ ููุท ุฃุฑุณู ุญุณุงุจูุ ููุญู ูุชููู ุจุงูุจุงูู ุจูู ุงุญุชุฑุงููุฉ โโจ

๐ ูุง ูู ูุฏุฉ ุงูุงุดุชุฑุงูุ๐๏ธ ุชุชููุฑ ุงุดุชุฑุงูุงุช ุดูุฑูุฉุ ูุญุชู 12 ุดูุฑ ุญุณุจ ุงูุนุฑุถ ๐ธ๐ุงุฎุชุฑ ุงููุฏุฉ ุงููู ุชูุงุณุจู ูุฎูู ุฌุงูุฒ ููุชุฌุฑุจุฉ! ๐ฎโก

๐ฎ ูุง ูู ุงูุฃูุนุงุจ ุงููู ุฃูุฏุฑ ุฃูุนุจูุงุ๐น๏ธ ุงุดุชุฑุงู EA Play ูููุญู ูุตูููุง ูุนูุงููู ูุดููุฑุฉ ูุซู:๐ธ FIFA๐ธ Battlefield๐ธ Need for Speed๐ธ The Sims๐ธ Star Wars๐ธ ูุฃูุซุฑ ุจูุซูุฑ! ๐ฏ๐ฅ

๐ฑ ุนูู ุฃู ุฃุฌูุฒุฉ ูุนููุโ ููููู ุงุณุชุฎุฏุงู EA Play ุนูู:๐น Windows (ุนุจุฑ EA App)๐ก ุชุฃูุฏ ูู ุฅุฑุณุงู ุงูุญุณุงุจ ุงูุตุญูุญ  ๐ฎ๐ป


ููุงุญุธุงุช ูุงูุฉ:โจ ูุฑูููุง ูุนูู ุนูู ุถูุงู ุชุฌุฑุจุฉ ุณูุณุฉ ูุณุฑูุนุฉ ููุงูุฉ ุงูุนููุงุก.๐ ูุฑุฌู ุงูุชุฃูุฏ ูู ุชุฒููุฏูุง ุจูุนูููุงุช ุฏูููุฉ ูุชุฌูุจ ุฃู ุชุฃุฎูุฑ ูู ุนูููุฉ ุงูุชุณููู.
"
DISCORD NITRO,,BASIC 1 MOIS,700,,
DISCORD NITRO,,PREMIUM/GAMING + 2 SERVER BOOSTS 1 MOIS,1300,,
DISCORD NITRO,,BASIC 12 MOIS,4000,,
DISCORD NITRO,,PREMIUM/GAMING + 2 SERVER BOOSTS 12 MOIS,8000,,"๐ฌ๐ฅ ูุง ูู ุฎุฏูุฉ Discord Nitroุ๐ Discord Nitro ูู ุงุดุชุฑุงู ูููุฒ ูููุญู ูููุฒุงุช ุฑููุจุฉ ุฏุงุฎู ุงูุฏูุณููุฑุฏ ูุซู:๐น ุฑูุน ุฌูุฏุฉ ุงูููุฏูู ูุงูุตูุช๐น ุงุณุชุฎุฏุงู ุงูุฅูููุฌูุงุช ุงููุชุญุฑูุฉ๐น ุชุญููู ูููุงุช ุฃูุจุฑ๐น ุชูููุฒ ุญุณุงุจู ุจุดุงุฑุฉ ููุชุฑู๐ ูุซุงูู ูุนุดุงู ุงูุชูุงุนู ูุงูุงุญุชุฑุงููุฉ ุฏุงุฎู ุงูุณูุฑูุฑุงุช!

โฑ๏ธ ูุง ูู ูุฏุฉ ุงูุชุณูููุโฉ ูุชู ุงูุชูุนูู ูู ุบุถูู 15 ุฅูู 30 ุฏูููุฉ ููุท ุจุนุฏ ุงุณุชูุงู ุงูุญุณุงุจ ! โณโจ

๐ ููู ูุชู ุงูุชูุนููุ๐ฉ ุญุณุจ ููุน ุงูุชูุนูู ุงููุฑุบูุจ ๐งพ๐ฏ ูููู ุจุงูุชูุนูู ูุจุงุดุฑุฉ ุจุงุณุชุฎุฏุงู ุงูุญุณุงุจโ ูุชู ูู ุดูุก ุจุณุฑุนุฉ ูุจุฃูุงู ุชุงู

๐ ูุง ูู ูุฏุฉ ุงูุงุดุชุฑุงูุ๐๏ธ ุชุชููุฑ ุจุงูุงุช:๐ธ ุดูุฑ ูุงุญุฏ๐ธ 12 ุดูุฑ๐ธ ุงุฎุชุฑ ุงููุฏุฉ ุงูููุงุณุจุฉ ูู ูุงุณุชูุชุน ุจูุงูู ุงููููุฒุงุช!

๐ ูุง ุงููุฑู ุจูู Nitro ู Nitro Basicุ๐ Nitro: ุฌููุน ุงููููุฒุงุช โ ุฅูููุฌูุงุช ูุชุญุฑูุฉุ Boostุ ููุฏูู ุจุฏูุฉ ุนุงููุฉุ ูุงุณู ูุณุชุฎุฏู ูุฎุตุต๐ Nitro Basic: ููุท ุงูุฅูููุฌูุงุช ุงููุชุญุฑูุฉ ูุญุฌู ูููุงุช ุฃูุจุฑุ ุจุฏูู Boost ูููุฒุงุช ุฅุถุงููุฉ

๐ฑ ุนูู ุฃู ุฃุฌูุฒุฉ ูุนููุ๐ป๐ฅ๏ธ ูุนูู ุนูู ุฌููุน ุงูููุตุงุช:๐น Windows / macOS๐น Android / iOS๐น ุงููุชุตูุญ ุฃูุถุงู๐ ุชูุฏุฑ ุชุณุชูุชุน ุจูุธุงูู ุงูููุถู ุจุฏูู ูุดุงูู!
 ูุญู ุจุฎุฏูุชู ุฏุงุฆูุงู ๐๐ฌ

ููุงุญุธุงุช ูุงูุฉ:โจ ูุฑูููุง ูุนูู ุนูู ุถูุงู ุชุฌุฑุจุฉ ุณูุณุฉ ูุณุฑูุนุฉ ููุงูุฉ ุงูุนููุงุก.๐ ูุฑุฌู ุงูุชุฃูุฏ ูู ุชุฒููุฏูุง ุจูุนูููุงุช ุฏูููุฉ ูุชุฌูุจ ุฃู ุชุฃุฎูุฑ ูู ุนูููุฉ ุงูุชุณููู."
DISCORD EFFECTS,,SPECIAL PACKS (13$/16$),1600,,
DISCORD EFFECTS,,PROFILE DECORATION (4.99/5.99),900,,
DISCORD EFFECTS,,PROFILE EFFECT/BUNDLE(8.99/10.99),1100,,"๐ฌ๐ฅ ูุง ูู ุฎุฏูุฉ Discord Decorationsุ๐ ุฏูููุฑุงุช ุฏูุณููุฑุฏ ูู ุฅุถุงูุงุช ุชุฌููููุฉ ูุญุณุงุจูุ ูุซู ุงูุฅุทุงุฑุงุชุ ุงูุดุงุฑุงุชุ ูุงูุฎูููุงุช ุงููุชุญุฑูุฉ ุงููู ุชุนุทู ุณุชุงูู ูุฎู ูุญุณุงุจู ุฏุงุฎู ุงูุณูุฑูุฑุงุช ูุงูุจุฑููุงูู! ๐ซ๐โ ุชุถูู ููุณุฉ ุงุญุชุฑุงููุฉ ููููุฒุฉ ูุญุณุงุจู ูุชุฎููู ุชุจุฑุฒ ุจูู ุงูุฌููุน! โจ

โฑ๏ธ ูุง ูู ูุฏุฉ ุงูุชุณูููุโฉ ูุชู ุงูุชูุนูู ูู ุบุถูู 15 ุฅูู 30 ุฏูููุฉ ููุท ุจุนุฏ ุงุณุชูุงู ุงูุญุณุงุจ! โณ๐ฏ

๐ ููู ูุชู ุงูุชูุนููุ๐ค ุงูุนููู ูููู ุจุฅุฑุณุงู ุญุณุงุจู ุงูุฎุงุต ๐จ๐ณ ูููู ุจุงูุชูุนูู ูุจุงุดุฑุฉ ุนูู ุญุณุงุจู  ๐ฎ๐ ูุง ุญุงุฌุฉ ูุฃู ุฎุทูุงุช ูู ุทุฑูู โ ููุท ุฃุฑุณู ุญุณุงุจูุ ููุญู ูุชููู ุจุงูุจุงูู ุจูู ุงุญุชุฑุงููุฉ โโจ

๐จ ูุง ูู ุฃููุงุน ุงูุฏูููุฑุงุช ุงููุชููุฑุฉุ๐ธ ุฎูููุงุช ุจุฑููุงูู (Animated & Static) ๐ผ๏ธ๐ธ ุดุงุฑุงุช ูููุฒุฉ (Badges) ๐๐ธ Frames & Themes โจ๐ธ ุญุฑูุงุช ุฏุงุฎู ุงูุญุณุงุจ ๐พ

๐ ูู ูู ูุคูุชุฉ ุฃู ุฏุงุฆูุฉุ๐  ุงูุฏูููุฑุงุช ุชููู ุฏุงุฆูุฉ ๐ฏ(ูุง ุนุฏุง ุจุนุถ ุงูููุงุณุจุงุช ุงูุฎุงุตุฉ ุงููู ุชููู ูุคูุชุฉ โ ูุชู ุชูุถูุญูุง ุนูุฏ ุงูุทูุจ)

๐ฑ ุนูู ุฃู ุฃุฌูุฒุฉ ุชุนููุ๐ป๐ฅ๏ธ ุงูุฏูููุฑุงุช ุชุธูุฑ ุนูู ุฌููุน ุงูููุตุงุช:๐น Windows / macOS๐น Android / iOS๐น ุญุชู ุนูู ุงููุชุตูุญ ๐๐ ุญุณุงุจู ูููู ูุชุฃูู ููู ูุง ููุช!

ููุงุญุธุงุช ูุงูุฉ:โจ ูุฑูููุง ูุนูู ุนูู ุถูุงู ุชุฌุฑุจุฉ ุณูุณุฉ ูุณุฑูุนุฉ ููุงูุฉ ุงูุนููุงุก.๐ ูุฑุฌู ุงูุชุฃูุฏ ูู ุชุฒููุฏูุง ุจูุนูููุงุช ุฏูููุฉ ูุชุฌูุจ ุฃู ุชุฃุฎูุฑ ูู ุนูููุฉ ุงูุชุณููู."
CHESS,,DIAMOND 1 MOIS,800,,
CHESS,,DIAMOND 12 MOIS,2500,,
CHESS,,PLATINUM 1 MOIS,600,,
CHESS,,PLATINUM 12 MOIS ,1750,,
CHESS,,GOLD 1 MOIS,400,,
CHESS,,GOLD 12 MOIS,1250,,"๐ฌ๐ฅ ูุง ูู ุฎุฏูุฉ Chess.comุโ๏ธ Chess.com ูู ุฃูุถู ูููุน ููุนุจ ุงูุดุทุฑูุฌ ุนุจุฑ ุงูุฅูุชุฑูุชุ ุญูุซ ููููู ุงููุนุจ ุถุฏ ูุงุนุจูู ุนุงูููููุ ุชุญุณูู ููุงุฑุงุชูุ ูุงูุงูุถูุงู ุฅูู ุจุทููุงุช ุดุทุฑูุฌ ูุซูุฑุฉ! ๐๐๐ ุงุญุตู ุนูู ุงูุงุดุชุฑุงู ุงููููุฒ ููุชุญ ูููุฒุงุช ุฅุถุงููุฉ ุชุนุฒุฒ ุชุฌุฑุจุชู! ๐ชโจ

โฑ๏ธ ูุง ูู ูุฏุฉ ุงูุชุณูููุโฉ ูุชู ุงูุชูุนูู ูู ุบุถูู 15 ุฅูู 30 ุฏูููุฉ ููุท ุจุนุฏ ุงุณุชูุงู ุงูุญุณุงุจ! โณ๐ฏ

๐ ููู ูุชู ุงูุชูุนููุ๐ค ุงูุนููู ูููู ุจุฅุฑุณุงู ุญุณุงุจู  ๐จ๐ณ ูููู ุจุงูุชูุนูู ูุจุงุดุฑุฉ ุนูู ุญุณุงุจู ุง ๐ฎ๐ ูุง ุญุงุฌุฉ ูุฃู ุฎุทูุงุช ูู ุทุฑูู โ ููุท ุฃุฑุณู ุญุณุงุจูุ ููุญู ูุชููู ุจุงูุจุงูู ุจูู ุงุญุชุฑุงููุฉ โโจ

๐ฆ ุงูุญุฒู ุงููุชููุฑุฉ:

๐ ุญุฒูุฉ Gold

๐น ุฅููุงููุฉ ุงููุตูู ุฅูู ุงูุชุญูููุงุช ุงููุชูุฏูุฉ๐น ุงููุนุจ ุจูุง ุญุฏูุฏ ุถุฏ ูุงุนุจูู ุขุฎุฑูู๐น ููุฒุงุช ุฎุงุตุฉ ูุชุญุณูู ูุณุชูู ุงููุนุจุฉ ๐๐น ุณุนุฑ ูุนููู ูุจุฏุก ุชุฌุฑุจุฉ ูููุฒุฉ!

๐ ุญุฒูุฉ Platinum

๐น ุฌููุน ููุฒุงุช Gold ุจุงูุฅุถุงูุฉ ุฅูู:๐น ุชุญููู ุนููู ููุจุงุฑูุงุชู ุงูุณุงุจูุฉ๐น ุฏุฑุณ ุดุทุฑูุฌ ุดุฎุตู ูุชุนุฒูุฒ ููุงุฑุงุชู ๐ฏ๐น ุงููุฒูุฏ ูู ุงููุฏุงูุง ูุงููุฒุงูุง ุฏุงุฎู ุงููุนุจุฉ ๐

๐ฅ ุญุฒูุฉ Diamond

๐น ุฌููุน ููุฒุงุช Platinum ุจุงูุฅุถุงูุฉ ุฅูู:๐น ุงููุตูู ุฅูู ุฌููุน ุงูุฏูุฑุงุช ุงูุชุฏุฑูุจูุฉ ุงููุชุฎุตุตุฉ๐น ุฅุดุฑุงูู ูู ุจุทููุงุช ุดุทุฑูุฌ ุญุตุฑูุฉ ๐๐น ุฏุนู ููู ูุชูุฏู ูุฌูุณุงุช ุชุฏุฑูุจ ูุฑุฏูุฉ ูุน ุฎุจุฑุงุก ุดุทุฑูุฌ ๐๐น ุฃูุจุฑ ููุฒุงุช ุชุฎุต ุงููุงุนุจูู ุงููุญุชุฑููู! ๐

๐ ูุง ูู ูุฏุฉ ุงูุงุดุชุฑุงูุ๐๏ธ ุชุชููุฑ ุจุงูุงุช ุงุดุชุฑุงู ูุฎุชููุฉ:๐ธ Gold - ุดูุฑ ูุงุญุฏ ุฃู 3 ุฃุดูุฑ๐ธ Platinum - 6 ุฃุดูุฑ ุฃู 12 ุดูุฑูุง๐ธ Diamond - ุงุดุชุฑุงู ุทููู ุงูุฃูุฏ ูุน ูุฒุงูุง ุงุณุชุซูุงุฆูุฉ

๐ฑ ุนูู ุฃู ุฃุฌูุฒุฉ ูุนููุ๐ป๐ฅ๏ธ ูุนูู ุนูู ุฌููุน ุงูููุตุงุช:๐น Windows / macOS๐น Android / iOS๐น ุงููุชุตูุญ ุฃูุถุงู ๐๐ ุชูุฏุฑ ุชูุนุจ ูู ุฃู ููุช ูุฃู ููุงู!"
YOUTUBE PREMIUM,,1 PERSONNE 1 MOIS,600,,
YOUTUBE PREMIUM,,5 PERSONNES 1 MOIS,1000,,"๐ฌ๐ฅ ูุง ูู ุฎุฏูุฉ YouTube Premiumุ๐ฅ YouTube Premium ูู ุงุดุชุฑุงู ูููุฒ ููุฏู ูู ุชุฌุฑุจุฉ ูุง ุชูุถุงูู ูู ูุดุงูุฏุฉ ููุงุทุน ุงูููุฏูู ุนูู ููุชููุจ!๐น ูุดุงูุฏุฉ ููุงุทุน ุงูููุฏูู ุจุฏูู ุฅุนูุงูุงุช! ๐ซ๐ฌ๐น ุฅููุงููุฉ ุชูุฒูู ุงูููุฏูููุงุช ููุดุงูุฏุชูุง ุฏูู ุงุชุตุงู ุจุงูุฅูุชุฑูุช ๐ฒโจ๐น ุงููุตูู ุฅูู YouTube Music ูุน ุขูุงู ุงูุฃุบุงูู! ๐ถ๐ง๐น ุงุณุชูุฏ ูู ูููุฒุงุช ุญุตุฑูุฉ ููุท ููุณุชุฎุฏูู YouTube Premium! ๐ฅ๐

โฑ๏ธ ูุง ูู ูุฏุฉ ุงูุชุณูููุโฉ ูุชู ุงูุชูุนูู ูู ุบุถูู 15 ุฅูู 30 ุฏูููุฉ ููุท ุจุนุฏ ุงุณุชูุงู ุงูุญุณุงุจ! โณ๐ฏ

๐ ููู ูุชู ุงูุชูุนููุ๐ค ุงูุนููู ูููู ุจุฅุฑุณุงู ุญุณุงุจู ๐จ๐ณ ูููู ุจุงูุชูุนูู ูุจุงุดุฑุฉ ุนูู ุญุณุงุจู ๐ฎ๐ ูุง ุญุงุฌุฉ ูุฃู ุฎุทูุงุช ูู ุทุฑูู โ ููุท ุฃุฑุณู ุญุณุงุจูุ ููุญู ูุชููู ุจุงูุจุงูู ุจูู ุงุญุชุฑุงููุฉ โโจ

๐ ูุง ูู ูุฏุฉ ุงูุงุดุชุฑุงูุ๐๏ธ ุชุชููุฑ ุจุงูุงุช ุงุดุชุฑุงู ูุฎุชููุฉ:๐ธ ุดูุฑ ูุงุญุฏ๐ธ ุงุฎุชุฑ ุงููุฏุฉ ุงูููุงุณุจุฉ ูู ูุงุณุชูุชุน ุจูุงูู ุงููููุฒุงุช!

๐ฑ ุนูู ุฃู ุฃุฌูุฒุฉ ูุนููุ๐ป๐ฅ๏ธ ูุนูู ุนูู ุฌููุน ุงูููุตุงุช:๐น Windows / macOS๐น Android / iOS๐น ุงููุชุตูุญ ุฃูุถุงู ๐๐ ุงุณุชูุชุน ุจูุญุชูู ุบูุฑ ูุญุฏูุฏ ูู ุฃู ููุช ูุฃู ููุงู!



ููุงุญุธุงุช ูุงูุฉ:โจ ูุฑูููุง ูุนูู ุนูู ุถูุงู ุชุฌุฑุจุฉ ุณูุณุฉ ูุณุฑูุนุฉ ููุงูุฉ ุงูุนููุงุก.๐ ูุฑุฌู ุงูุชุฃูุฏ ูู ุชุฒููุฏูุง ุจูุนูููุงุช ุฏูููุฉ ูุชุฌูุจ ุฃู ุชุฃุฎูุฑ ูู ุนูููุฉ ุงูุชุณููู."
DUOLINGO SUPER,,PERSONAL 1 MOIS,1000,,
DUOLINGO SUPER,,PERSONAL 12 MOIS,5800,,
DUOLINGO SUPER,,12 MOIS  FAMILY(6 ?????),7500,,"Duolingo Super
๐๐ ูููู ุจุชูุนูู ุงุดุชุฑุงู Duolingo Super ุนูู ุญุณุงุจู.
๐ ูู ุฃุญุชุงุฌ ุฅูู ุฅุนุทุงุก ุญุณุงุจูุ
โ๏ธ ูุนูุ ุชุญุชุงุฌ ุฅูู ุชุฒููุฏูุง ุจุจูุงูุงุช ุญุณุงุจูุ ูุณูููู ุจุงูุชูุนูู ูู.
โฑ๏ธ ูุง ูู ูุฏุฉ ุงูุชุณูููุ
๐ ูุชู ุงูุชุณููู ูู ุบุถูู 15 ุฅูู 30 ุฏูููุฉ. โจ๐
ููุงุญุธุงุช ูุงูุฉ:
โจ ูุฑูููุง ูุนูู ุนูู ุถูุงู ุชุฌุฑุจุฉ ุณูุณุฉ ูุณุฑูุนุฉ ููุงูุฉ ุงูุนููุงุก.
๐ ูุฑุฌู ุงูุชุฃูุฏ ูู ุชุฒููุฏูุง ุจูุนูููุงุช ุฏูููุฉ ูุชุฌูุจ ุฃู ุชุฃุฎูุฑ ูู ุนูููุฉ ุงูุชุณููู."
MICROSOFT 365,,BASIC 1 MOIS,500,,
MICROSOFT 365,,BASIC 12 MOIS,3600,,
MICROSOFT 365,,PERSONAL 1 MOIS,1600,,
MICROSOFT 365,,PERSONAL 12 MOIS,12500,,
MICROSOFT 365,,1 MOIS FAMILY(6 Personnes),2000,,
MICROSOFT 365,,12 MOIS FAMILY(6 personnes),14000,,
JEUX -CHAHN(STEAM- EPIC-XBOX),,,"ุงุฑุณู ุตูุฑุฉ ุงููุนุจุฉ ู ุณูุชูุงุตู ุงูุฃุฏููู ูุนู 
ูุจุงุดุฑุฉ ูุน ุงูุนูู ุฃู ุฃูุฃูุนุงุจ ูููู ุงู ุชููู
 ุฃุฑุฎุต ุนูุฏูุง ู ูุจูุน ุจุฏูู ุฅุณุชุซูุงุก ูู ุฃูุนุงุจ
 STEAM/XBOX/EPIC GAMES",,"ุงุฑุณู ุตูุฑุฉ ุงููุนุจุฉ ู ุณูุชูุงุตู ุงูุฃุฏููู ูุนู 
ูุจุงุดุฑุฉ ูุน ุงูุนูู ุฃู ุฃูุฃูุนุงุจ ูููู ุงู ุชููู
 ุฃุฑุฎุต ุนูุฏูุง ู ูุจูุน ุจุฏูู ุฅุณุชุซูุงุก ูู ุฃูุนุงุจ
 STEAM/XBOX/EPIC GAMES"
CrunchyRoll, FAN(1 ECRAN),1 MOIS,600,,
CrunchyRoll,MEGA FAN(5 ECRANS),1 MOIS,1200,,
CrunchyRoll,MEGA FAN(5 ECRANS),12 MOIS,6000,,"Crunchyroll 
๐๐ ูููู ุจุชูุนูู ุงุดุชุฑุงู Crunchyroll ุนูู ุญุณุงุจู.
๐ ูู ุฃุญุชุงุฌ ุฅูู ุฅุนุทุงุก ุญุณุงุจูุ
โ๏ธ ูุนูุ ุชุญุชุงุฌ ุฅูู ุชุฒููุฏูุง ุจุจูุงูุงุช ุญุณุงุจูุ ูุณูููู ุจุงูุชูุนูู ูู.
โฑ๏ธ ูุง ูู ูุฏุฉ ุงูุชุณูููุ
๐ ูุชู ุงูุชุณููู ูู ุบุถูู 15 ุฅูู 30 ุฏูููุฉ. โจ๐
ููุงุญุธุงุช ูุงูุฉ:
โจ ูุฑูููุง ูุนูู ุนูู ุถูุงู ุชุฌุฑุจุฉ ุณูุณุฉ ูุณุฑูุนุฉ ููุงูุฉ ุงูุนููุงุก.
๐ ูุฑุฌู ุงูุชุฃูุฏ ูู ุชุฒููุฏูุง ุจูุนูููุงุช ุฏูููุฉ ูุชุฌูุจ ุฃู ุชุฃุฎูุฑ ูู ุนูููุฉ ุงูุชุณููู."
SNAPCHAT PLUS,,1 MOIS,500,,
SNAPCHAT PLUS,,12 MOIS,2500,,"๐ฌ๐ฅ ูุง ูู ุฎุฏูุฉ Snapchat+ุ๐ธ Snapchat+ ูู ุงุดุชุฑุงู ูููุฒ ูู ุชุทุจูู ุณูุงุจ ุดุงุช ูุชูุญ ูู ุงููุตูู ุฅูู ูููุฒุงุช ุฅุถุงููุฉ ุญุตุฑูุฉ ุชุฌุนู ุชุฌุฑุจุชู ุฃูุซุฑ ุฅุซุงุฑุฉ!๐น ุชุฎุตูุต ุงููุฒูุฏ ูู ุฅุนุฏุงุฏุงุช ุงูุชุทุจูู ูุซู ุงูุฃููููุงุช ูุงูููุถูุนุงุช ๐ฒโจ๐น ุฅููุงููุฉ ูุดุงูุฏุฉ ูู ุฒุงุฑ ูููู ุงูุดุฎุตู! ๐๐๐น ุงููุตูู ุฅูู ููุงุชุฑ ูููุฒุงุช ุญุตุฑูุฉ ๐จ๐ฅ๐น ุฅุฏุงุฑุฉ ุงูุฃุฏูุงุช ุจุดูู ุงุญุชุฑุงูู ูุฃูุซุฑ ๐๐

โฑ๏ธ ูุง ูู ูุฏุฉ ุงูุชุณูููุโฉ ูุชู ุงูุชูุนูู ูู ุบุถูู 15 ุฅูู 30 ุฏูููุฉ ููุท ุจุนุฏ ุงุณุชูุงู ุงูุญุณุงุจ! โณ๐ฏ

๐ ููู ูุชู ุงูุชูุนููุ๐ค ุงูุนููู ูููู ุจุฅุฑุณุงู ุญุณุงุจู ุงูุฎุงุต ุจูุง ๐จ๐ณ ูููู ุจุงูุชูุนูู ูุจุงุดุฑุฉ ุนูู ุญุณุงุจู ุจุงุณุชุฎุฏุงู ุงูุฃูุฏู ุงูุฎุงุตุฉ ุจูุง ๐ฎ๐ ูุง ุญุงุฌุฉ ูุฃู ุฎุทูุงุช ูู ุทุฑูู โ ููุท ุฃุฑุณู ุญุณุงุจูุ ููุญู ูุชููู ุจุงูุจุงูู ุจูู ุงุญุชุฑุงููุฉ โโจ

๐ ูุง ูู ูุฏุฉ ุงูุงุดุชุฑุงูุ๐๏ธ ุชุชููุฑ ุจุงูุงุช ุงุดุชุฑุงู ูุฎุชููุฉ:๐ธ ุดูุฑ ูุงุญุฏ๐ธ 12 ุดูุฑ๐ธ ุงุฎุชุฑ ุงููุฏุฉ ุงูููุงุณุจุฉ ูู ูุงุณุชูุชุน ุจูุงูู ุงููููุฒุงุช!

๐ฑ ุนูู ุฃู ุฃุฌูุฒุฉ ูุนููุ๐ป๐ฅ๏ธ ูุนูู ุนูู ุฌููุน ุงูููุตุงุช:๐น Windows / macOS๐น Android / iOS๐น ุงููุชุตูุญ ุฃูุถุงู ๐๐ ุงุณุชูุชุน ุจุชุฌุฑุจุฉ ูุฑูุฏุฉ ูู ุฃู ููุช ูุฃู ููุงู!

ููุงุญุธุงุช ูุงูุฉ:โจ ูุฑูููุง ูุนูู ุนูู ุถูุงู ุชุฌุฑุจุฉ ุณูุณุฉ ูุณุฑูุนุฉ ููุงูุฉ ุงูุนููุงุก.๐ ูุฑุฌู ุงูุชุฃูุฏ ูู ุชุฒููุฏูุง ุจูุนูููุงุช ุฏูููุฉ ูุชุฌูุจ ุฃู ุชุฃุฎูุฑ ูู ุนูููุฉ ุงูุชุณููู.
"
Spotify,,Premium 1 MOIS,700,,
Spotify,,Premium 3 MOIS,1300,,
Spotify,,Premium 6 MOIS,1900,,
Spotify,,Premium 12 MOIS,3000,,
Spotify,,Premium DUO 1 MOIS,1000,,
Spotify,,Premium FAMILY 1 MOIS,1600,,"๐ฌ๐ฅ ูุง ูู ุฎุฏูุฉ Spotify Premiumุ๐ถ Spotify Premium ูู ุงุดุชุฑุงู ูููุฒ ููุฏู ูู ุชุฌุฑุจุฉ ููุณูููุฉ ูุง ูุซูู ููุง!๐น ุงุณุชูุชุน ุจุงูููุณููู ุจุฏูู ุฅุนูุงูุงุช! ๐ซ๐ต๐น ุฅููุงููุฉ ุงูุงุณุชูุงุน ููููุณููู ุฏูู ุงูุงุชุตุงู ุจุงูุฅูุชุฑูุช ๐ง๐๐น ุฅููุงููุฉ ุงุฎุชูุงุฑ ูุชุดุบูู ุฃู ุฃุบููุฉ ูุจุงุดุฑุฉ ุจุฏูู ูููุฏ ๐ค๐น ุฅููุงููุฉ ุงูุงุณุชูุงุน ุจุฌูุฏุฉ ุตูุช ุนุงููุฉ! ๐ถ๐

โฑ๏ธ ูุง ูู ูุฏุฉ ุงูุชุณูููุโฉ ูุชู ุงูุชูุนูู ูู ุบุถูู 15 ุฅูู 30 ุฏูููุฉ ููุท ุจุนุฏ ุงุณุชูุงู ุงูุญุณุงุจ! โณ๐ฏ

๐ ููู ูุชู ุงูุชูุนููุ๐ณ ูููู ุจุงูุชูุนูู ูุจุงุดุฑุฉ ุนูู ุญุณุงุจู ุฃู ุงุฐุง ุฃุฑุฏุช ูุฑุณู ูู ุญุณุงุจ ุฌุฏูุฏ๐ฎ๐ ูุง ุญุงุฌุฉ ูุฃู ุฎุทูุงุช ูู ุทุฑูู โ ููุท ุฃุฑุณู ุญุณุงุจูุ ููุญู ูุชููู ุจุงูุจุงูู ุจูู ุงุญุชุฑุงููุฉ โโจ

๐ ูุง ูู ูุฏุฉ ุงูุงุดุชุฑุงูุ๐๏ธ ุชุชููุฑ ุจุงูุงุช ุงุดุชุฑุงู ูุฎุชููุฉ:๐ธ ุดูุฑ ูุงุญุฏ๐ธ 6 ุฃุดูุฑ๐ธ 12 ุดูุฑ๐ธ ุงุฎุชุฑ ุงููุฏุฉ ุงูููุงุณุจุฉ ูู ูุงุณุชูุชุน ุจูุงูู ุงููููุฒุงุช!

๐ฑ ุนูู ุฃู ุฃุฌูุฒุฉ ูุนููุ๐ป๐ฅ๏ธ ูุนูู ุนูู ุฌููุน ุงูููุตุงุช:๐น Windows / macOS๐น Android / iOS๐น ุงููุชุตูุญ ุฃูุถุงู ๐๐ ุงุณุชูุชุน ุจููุณููู ุบูุฑ ูุญุฏูุฏุฉ ูู ุฃู ููุช ูุฃู ููุงู!

ููุงุญุธุงุช ูุงูุฉ:โจ ูุฑูููุง ูุนูู ุนูู ุถูุงู ุชุฌุฑุจุฉ ุณูุณุฉ ูุณุฑูุนุฉ ููุงูุฉ ุงูุนููุงุก.๐ ูุฑุฌู ุงูุชุฃูุฏ ูู ุชุฒููุฏูุง ุจูุนูููุงุช ุฏูููุฉ ูุชุฌูุจ ุฃู ุชุฃุฎูุฑ ูู ุนูููุฉ ุงูุชุณููู."
