Offer,Option,Plan,Price,FAQ
GAME PASS ULTIMATE,PC,1 MOIS,950,
GAME PASS ULTIMATE,PC,3 MOIS,1400,
GAME PASS ULTIMATE,PC,5 MOIS,1800,
GAME PASS ULTIMATE,PC,13 MOIS,3300,"Game Pass Ultimate
🎮✨ نقوم بتفعيل اشتراك Game Pass Ultimate على حساب جديد نقدمه لك.
⏳ هل أحتاج إلى إعطاء حسابي؟
 لا، ستحصل على حساب جديد مع الاشتراك جاهزًا للاستخدام

Link الخاص بالبوست:

https://www.instagram.com/p/Cxc1pCTNTi-/?igsh=MTNyOTduYXMxODA3dg==
للاكسبكس اللعب يكون بطريقة كنترول بارنتال
⏱️ ما هي مدة التسليم؟
⏩ يتم التسليم في غضون 15 إلى 30 دقيقة. 🚀🎉
ملاحظات هامة:
✨ فريقنا يعمل على ضمان تجربة سلسة وسريعة لكافة العملاء.
🌟 يرجى التأكد من تزويدنا بمعلومات دقيقة لتجنب أي تأخير في عملية التسليم."
ألعاب STEAM OFFLINE,لعبة,,500,
ألعاب STEAM OFFLINE,لعبتين,,900,
ألعاب STEAM OFFLINE,3 ألعاب,,1300,
ألعاب STEAM OFFLINE,  4 ألعاب + واحدة مجانية🔥,,2000,"🔥 حسابات STEAM أوفلاين — أفضل خيار لتجربة ألعاب القصة بجودة كاملة وسعر رمزي! 🔥

✅ تسليم فوري بعد الشراء – بدون انتظار أو تعقيدات!
✅ تفعيل سهل ذاتي – سجّل الدخول، حمّل، وابدأ اللعب!
✅ لعب آمن تمامًا دون فقدان التقدم.
✅ تحميل مباشر من Steam – لا حاجة لتورنت أو مواقع خارجية.
✅ تشغيل أوفلاين كامل بعد التفعيل – بدون إنترنت وبدون مشاكل.
✅ لا يؤثر على حسابك الأساسي – ألعابك الأصلية تبقى آمنة.
✅ يشمل جميع الـDLCs والتحديثات المستقبلية مجانًا!
✅ نسخ Deluxe / Premium متوفرة دائمًا إن وجدت.
✅ مثالي لألعاب القصة (Single Player) – استمتع بلا حدود وبدون إزعاجات أونلاين.

🎮 كيف تعمل الحسابات؟

تحصل على حساب Steam خاص بنا مع اللعبة.

تسجل الدخول مرة واحدة فقط.

تحميل وتفعيل اللعبة من داخل Steam.

تحويل Steam لوضع Offline Mode.

استمتع باللعب بدون إنترنت مع حفظ كامل للتقدم.

💡 أسرع وأسهل طريقة في السوق — سجّل وابدأ اللعب فورًا!
✨ تجربة مريحة وقوية لمحبي ألعاب القصة — لا تفوّت!"
JEUX -CHAHN(STEAM- EPIC-XBOX),,,"ارسل صورة اللعبة و سيتواصل الأدمين معك 
مباشرة مع العلم أن ألألعاب يمكن ان تكون
 أرخص عندنا و نبيع بدون إستثناء كل ألعاب
 STEAM/XBOX/EPIC GAMES","ارسل صورة اللعبة و سيتواصل الأدمين معك 
مباشرة مع العلم أن ألألعاب يمكن ان تكون
 أرخص عندنا و نبيع بدون إستثناء كل ألعاب
 STEAM/XBOX/EPIC GAMES"
PUBG MOBILE شحن,60 UC,,300,
PUBG MOBILE شحن,325 UC,,1290,
PUBG MOBILE شحن,660 UC,,2550,
PUBG MOBILE شحن,1800 UC,,5900,
PUBG MOBILE شحن,3850 UC,,12000,"PUBG MOBILE
💬🔥  نقوم بالشراء على حسابك. باستخدام الأيدي
⏱️ ما هي مدة التسليم؟
⏩ يتم التسليم في غضون 15 إلى 30 دقيقة. 🎮✨
ملاحظات هامة:
✨ فريقنا يعمل على ضمان تجربة سلسة وسريعة لكافة العملاء.
🌟 يرجى التأكد من تزويدنا بمعلومات دقيقة لتجنب أي تأخير في عملية التسليم."
BLOOD STRIKE شحن,STRIKE PASS ELITE,,1000,
BLOOD STRIKE شحن,STRIKE PASS PREMIUM,,2050,
BLOOD STRIKE شحن,116 GOLDS,,250,
BLOOD STRIKE شحن,352 GOLDS,,800,
BLOOD STRIKE شحن,594 GOLDS,,1200,
BLOOD STRIKE شحن,1210 GOLDS,,2350,
BLOOD STRIKE شحن,2486 GOLDS,,4500,
BLOOD STRIKE شحن,6380 GOLDS,,11500,
BLOOD STRIKE شحن,LEVEL UP PASS,,750,
BLOOD STRIKE شحن,099 DEAL,,300,"BLOOD STRIKE
💬🔥  نقوم بالشراء على حسابك. باستخدام الأيدي
⏱️ ما هي مدة التسليم؟
⏩ يتم التسليم في غضون 15 إلى 30 دقيقة. 🎮✨
ملاحظات هامة:
✨ فريقنا يعمل على ضمان تجربة سلسة وسريعة لكافة العملاء.
🌟 يرجى التأكد من تزويدنا بمعلومات دقيقة لتجنب أي تأخير في عملية التسليم."
ROCKET LEAGUE,,500 CREDITS,1300,
ROCKET LEAGUE,,1100 CREDITS,2200,
ROCKET LEAGUE,,3000 CREDITS,4800,
ROCKET LEAGUE,,6500 CREDITS,8700,
ROCKET LEAGUE,,100 ESPORTS CREDITS,500,
ROCKET LEAGUE,,600 ESPORTS CREDITS,1300,
ROCKET LEAGUE,,1200 ESPORTS CREDITS,2200,
ROCKET LEAGUE,,2500 ESPORTS CREDITS,4000,"Rocket League
⚽️🚗 نقوم بشحن حسابك في Rocket League.
🔒 هل أحتاج إلى إعطاء حسابي؟
✔️ نعم، تحتاج إلى تزويدنا ببيانات حسابك EPIC GAMES، وسنقوم بالشحن لك.
⏱️ ما هي مدة التسليم؟
⚡ يتم التسليم في غضون 15 إلى 30 دقيقة. 🎮✨
ملاحظات هامة:
✨ فريقنا يعمل على ضمان تجربة سلسة وسريعة لكافة العملاء.
🌟 يرجى التأكد من تزويدنا بمعلومات دقيقة لتجنب أي تأخير في عملية التسليم.
"
FORTNITE شحن,,1000 V-BUCKS,1600,
FORTNITE شحن,,2800 V-BUCKS,3700,"
"
FORTNITE شحن,,5000 V-BUCKS,5700,
FORTNITE شحن,,13500 V-BUCKS,13500,
FORTNITE شحن,Ninja Sarah Quest Pack + 1500 V-BUCKS,,2400,
FORTNITE شحن,Graffiti Revolution Pack 800 vbucks,,950,
FORTNITE شحن,Xerick Starter Pack 1500 Vbucks,,3000,
FORTNITE شحن,The Last Laugh Bundle,,5900,
FORTNITE شحن,Anime Legends Pack,,2800,
FORTNITE شحن,The Final Reckoning Pack,,2900,
FORTNITE شحن,Summer legends Pack,,3150,
FORTNITE شحن,Magma Masters Pack,,2900,
FORTNITE شحن,Lava Legends Pack,,3150,
FORTNITE شحن,Batman Caped Crusader Pack,,3150,
FORTNITE شحن,Saint Academy Quest Pack,,1650,
FORTNITE شحن,FORTNITE CREW,1 MOIS,1200,
FORTNITE شحن,FORTNITE CREW/CLUB,3 MOIS,2500,
FORTNITE شحن,FORTNITE CREW/CLUB,6 MOIS,3600,"Fortnite Packs & Crew & V-BUCKS
🎁🔥 نقوم بتفعيل اشتراك EPIC GAMES أو شحن الباقات على حسابك.
🔒 هل أحتاج إلى إعطاء حسابي؟
✔️ نعم، تحتاج إلى تزويدنا ببيانات حسابك EPIC GAMES، وسنقوم بالإضافة لك.
⏱️ ما هي مدة التسليم؟
🚀 يتم التسليم في غضون 15 إلى 30 دقيقة. 💼✨
ملاحظات هامة:
✨ فريقنا يعمل على ضمان تجربة سلسة وسريعة لكافة العملاء.
🌟 يرجى التأكد من تزويدنا بمعلومات دقيقة لتجنب أي تأخير في عملية التسليم."
FORTNITE GIFT,,,"
أسعار FORTNITE GIFTING:
Emotes ta3 500 V-BUCKS 600DA
FLEXY=780DA
Skin/axe 800 V-BUCKS 950DA
FLEXY=1240DA
SKIN 1200 V-BUCKS 1450DA
FLEXY=1890DA
SKIN 1500 V-BUCKS 1800DA
FELXY=2340DA
SKIN 1800 V-BUCKS 2150DA
FLEXY=2790DA

SKINS/BUNDLES 2000 V-BUCKS: 2350 DA
FLEXY= 2900

--------------------------------
رقم الفلكسي:0556970774
--------------------------------

اضيفوا حسابنا في  EPIC GAMES:


   ""WEB4UFO""","Fortnite Gifting
🎁✨ نقوم بإرسال هدايا داخل لعبة Fortnite إلى حسابك.
🔑 هل أحتاج إلى إعطاء حسابي؟
❌ لا، فقط أضف حساباتنا وانتظر 48 ساعة قبل أن نتمكن من الإرسال.
⏱️ ما هي مدة التسليم بعد 48 ساعة؟
⚡ بعد ذلك، يمكن الطلب مباشرةً دون أي تأخير. 🚀🎉
ملاحظات هامة:
✨ فريقنا يعمل على ضمان تجربة سلسة وسريعة لكافة العملاء.
"
DISCORD NITRO,,BASIC 1 MOIS,700,
DISCORD NITRO,,PREMIUM/GAMING + 2 SERVER BOOSTS 1 MOIS,1300,
DISCORD NITRO,,BASIC 12 MOIS,4000,
DISCORD NITRO,,PREMIUM/GAMING + 2 SERVER BOOSTS 12 MOIS,8000,"💬🔥 ما هي خدمة Discord Nitro؟💎 Discord Nitro هو اشتراك مميز يمنحك مميزات رهيبة داخل الديسكورد مثل:🔹 رفع جودة الفيديو والصوت🔹 استخدام الإيموجيات المتحركة🔹 تحميل ملفات أكبر🔹 تمييز حسابك بشارة نيترو🚀 مثالي لعشاق التفاعل والاحترافية داخل السيرفرات!

⏱️ ما هي مدة التسليم؟⏩ يتم التفعيل في غضون 15 إلى 30 دقيقة فقط بعد استلام الحساب ! ⏳✨

🔐 كيف يتم التفعيل؟📩 حسب نوع التفعيل المرغوب 🧾🎯 نقوم بالتفعيل مباشرة باستخدام الحساب✅ يتم كل شيء بسرعة وبأمان تام

📆 ما هي مدة الاشتراك؟🗓️ تتوفر باقات:🔸 شهر واحد🔸 12 شهر💸 اختر المدة المناسبة لك واستمتع بكامل المميزات!

🔄 ما الفرق بين Nitro و Nitro Basic؟💎 Nitro: جميع المميزات — إيموجيات متحركة، Boost، فيديو بدقة عالية، واسم مستخدم مخصص💠 Nitro Basic: فقط الإيموجيات المتحركة وحجم ملفات أكبر، بدون Boost وميزات إضافية

📱 على أي أجهزة يعمل؟💻🖥️ يعمل على جميع المنصات:🔹 Windows / macOS🔹 Android / iOS🔹 المتصفح أيضاً🎉 تقدر تستمتع بنظامك المفضل بدون مشاكل!
 نحن بخدمتك دائماً 💖💬

ملاحظات هامة:✨ فريقنا يعمل على ضمان تجربة سلسة وسريعة لكافة العملاء.🌟 يرجى التأكد من تزويدنا بمعلومات دقيقة لتجنب أي تأخير في عملية التسليم."
DISCORD EFFECTS,,SPECIAL PACKS (13$/16$),1600,
DISCORD EFFECTS,,PROFILE DECORATION (4.99/5.99),900,
DISCORD EFFECTS,,PROFILE EFFECT/BUNDLE(8.99/10.99),1100,"💬🔥 ما هي خدمة Discord Decorations؟🎀 ديكورات ديسكورد هي إضافات تجميلية لحسابك، مثل الإطارات، الشارات، والخلفيات المتحركة اللي تعطي ستايل فخم لحسابك داخل السيرفرات والبروفايل! 💫👑✅ تضيف لمسة احترافية ومميزة لحسابك وتخليك تبرز بين الجميع! ✨

⏱️ ما هي مدة التسليم؟⏩ يتم التفعيل في غضون 15 إلى 30 دقيقة فقط بعد استلام الحساب! ⏳🎯

🔐 كيف يتم التفعيل؟👤 العميل يقوم بإرسال حسابه الخاص 📨💳 نقوم بالتفعيل مباشرة على حسابك  🎮📌 لا حاجة لأي خطوات من طرفك — فقط أرسل حسابك، ونحن نتكفل بالباقي بكل احترافية ✅✨

🎨 ما هي أنواع الديكورات المتوفرة؟🔸 خلفيات بروفايل (Animated & Static) 🖼️🔸 شارات مميزة (Badges) 🏅🔸 Frames & Themes ✨🔸 حركات داخل الحساب 👾

📆 هل هي مؤقتة أم دائمة؟💎  الديكورات تكون دائمة 🎯(ما عدا بعض المناسبات الخاصة اللي تكون مؤقتة — يتم توضيحها عند الطلب)

📱 على أي أجهزة تعمل؟💻🖥️ الديكورات تظهر على جميع المنصات:🔹 Windows / macOS🔹 Android / iOS🔹 حتى على المتصفح 🌐🎉 حسابك يكون متألق وين ما كنت!

ملاحظات هامة:✨ فريقنا يعمل على ضمان تجربة سلسة وسريعة لكافة العملاء.🌟 يرجى التأكد من تزويدنا بمعلومات دقيقة لتجنب أي تأخير في عملية التسليم."
CHESS,,DIAMOND 1 MOIS,800,
CHESS,,DIAMOND 12 MOIS,2500,
CHESS,,PLATINUM 1 MOIS,600,
CHESS,,PLATINUM 12 MOIS ,1750,
CHESS,,GOLD 1 MOIS,400,
CHESS,,GOLD 12 MOIS,1250,"💬🔥 ما هي خدمة Chess.com؟♟️ Chess.com هو أفضل موقع للعب الشطرنج عبر الإنترنت، حيث يمكنك اللعب ضد لاعبين عالميين، تحسين مهاراتك، والانضمام إلى بطولات شطرنج مثيرة! 🌍🏆🚀 احصل على الاشتراك المميز لفتح مميزات إضافية تعزز تجربتك! 💪✨

⏱️ ما هي مدة التسليم؟⏩ يتم التفعيل في غضون 15 إلى 30 دقيقة فقط بعد استلام الحساب! ⏳🎯

🔐 كيف يتم التفعيل؟👤 العميل يقوم بإرسال حسابه  📨💳 نقوم بالتفعيل مباشرة على حسابك ا 🎮📌 لا حاجة لأي خطوات من طرفك — فقط أرسل حسابك، ونحن نتكفل بالباقي بكل احترافية ✅✨

📦 الحزم المتوفرة:

💎 حزمة Gold

🔹 إمكانية الوصول إلى التحليلات المتقدمة🔹 اللعب بلا حدود ضد لاعبين آخرين🔹 ميزات خاصة لتحسين مستوى اللعبة 📊🔹 سعر معقول لبدء تجربة مميزة!

🌟 حزمة Platinum

🔹 جميع ميزات Gold بالإضافة إلى:🔹 تحليل عميق لمبارياتك السابقة🔹 درس شطرنج شخصي لتعزيز مهاراتك 🎯🔹 المزيد من الهدايا والمزايا داخل اللعبة 🎁

💥 حزمة Diamond

🔹 جميع ميزات Platinum بالإضافة إلى:🔹 الوصول إلى جميع الدورات التدريبية المتخصصة🔹 إشراكك في بطولات شطرنج حصرية 🎉🔹 دعم فني متقدم وجلسات تدريب فردية مع خبراء شطرنج 🏅🔹 أكبر ميزات تخص اللاعبين المحترفين! 🏆

📆 ما هي مدة الاشتراك؟🗓️ تتوفر باقات اشتراك مختلفة:🔸 Gold - شهر واحد أو 3 أشهر🔸 Platinum - 6 أشهر أو 12 شهرًا🔸 Diamond - اشتراك طويل الأمد مع مزايا استثنائية

📱 على أي أجهزة يعمل؟💻🖥️ يعمل على جميع المنصات:🔹 Windows / macOS🔹 Android / iOS🔹 المتصفح أيضاً 🌐🎉 تقدر تلعب في أي وقت وأي مكان!"
YOUTUBE PREMIUM,,1 PERSONNE 1 MOIS,600,
YOUTUBE PREMIUM,,5 PERSONNES 1 MOIS,1000,"💬🔥 ما هي خدمة YouTube Premium؟🎥 YouTube Premium هو اشتراك مميز يقدم لك تجربة لا تُضاهى في مشاهدة مقاطع الفيديو على يوتيوب!🔹 مشاهدة مقاطع الفيديو بدون إعلانات! 🚫🎬🔹 إمكانية تنزيل الفيديوهات لمشاهدتها دون اتصال بالإنترنت 📲✨🔹 الوصول إلى YouTube Music مع آلاف الأغاني! 🎶🎧🔹 استفد من مميزات حصرية فقط لمستخدمي YouTube Premium! 🔥💎

⏱️ ما هي مدة التسليم؟⏩ يتم التفعيل في غضون 15 إلى 30 دقيقة فقط بعد استلام الحساب! ⏳🎯

🔐 كيف يتم التفعيل؟👤 العميل يقوم بإرسال حسابه 📨💳 نقوم بالتفعيل مباشرة على حسابك 🎮📌 لا حاجة لأي خطوات من طرفك — فقط أرسل حسابك، ونحن نتكفل بالباقي بكل احترافية ✅✨

📆 ما هي مدة الاشتراك؟🗓️ تتوفر باقات اشتراك مختلفة:🔸 شهر واحد💸 اختر المدة المناسبة لك واستمتع بكامل المميزات!

📱 على أي أجهزة يعمل؟💻🖥️ يعمل على جميع المنصات:🔹 Windows / macOS🔹 Android / iOS🔹 المتصفح أيضاً 🌐🎉 استمتع بمحتوى غير محدود في أي وقت وأي مكان!



ملاحظات هامة:✨ فريقنا يعمل على ضمان تجربة سلسة وسريعة لكافة العملاء.🌟 يرجى التأكد من تزويدنا بمعلومات دقيقة لتجنب أي تأخير في عملية التسليم."
DUOLINGO SUPER,,PERSONAL 1 MOIS,1000,
DUOLINGO SUPER,,PERSONAL 12 MOIS,5800,
DUOLINGO SUPER,,12 MOIS  FAMILY(6 ?????),7500,"Duolingo Super
🌍📚 نقوم بتفعيل اشتراك Duolingo Super على حسابك.
🔑 هل أحتاج إلى إعطاء حسابي؟
✔️ نعم، تحتاج إلى تزويدنا ببيانات حسابك، وسنقوم بالتفعيل لك.
⏱️ ما هي مدة التسليم؟
🚀 يتم التسليم في غضون 15 إلى 30 دقيقة. ✨🎉
ملاحظات هامة:
✨ فريقنا يعمل على ضمان تجربة سلسة وسريعة لكافة العملاء.
🌟 يرجى التأكد من تزويدنا بمعلومات دقيقة لتجنب أي تأخير في عملية التسليم."
NETFLIX,PREMIUM(1 ECRAN),1 MOIS,600,
NETFLIX,PREMIUM(1 ECRAN),2 MOIS,1150,
NETFLIX,PREMIUM(1 ECRAN),3 MOIS,1600,
NETFLIX,PREMIUM(1 ECRAN),6 MOIS,2900,
NETFLIX,PREMIUM(1 ECRAN),12 MOIS,5000,
NETFLIX,PREMIUM(5 ECRAN),12 MOIS,19000,
CrunchyRoll, FAN(1 ECRAN),1 MOIS,600,
CrunchyRoll, FAN(1 ECRAN),3 MOIS,1350,
CrunchyRoll, FAN(1 ECRAN),12 MOIS,3500,
CrunchyRoll,MEGA FAN(5 ECRANS),1 MOIS,1200,
CrunchyRoll,MEGA FAN(5 ECRANS),12 MOIS,6000,
CrunchyRoll,MEGA FAN(1 ECRANS),1 MOIS,400,
CrunchyRoll,MEGA FAN(2 ECRANS),1 MOIS,700,
CrunchyRoll,MEGA FAN(3 ECRANS),1 MOIS,1000,"Crunchyroll 
🌍📚 نقوم بتفعيل اشتراك Crunchyroll على حسابك.
🔑 هل أحتاج إلى إعطاء حسابي؟
✔️ نعم، تحتاج إلى تزويدنا ببيانات حسابك، وسنقوم بالتفعيل لك.
⏱️ ما هي مدة التسليم؟
🚀 يتم التسليم في غضون 15 إلى 30 دقيقة. ✨🎉
ملاحظات هامة:
✨ فريقنا يعمل على ضمان تجربة سلسة وسريعة لكافة العملاء.
🌟 يرجى التأكد من تزويدنا بمعلومات دقيقة لتجنب أي تأخير في عملية التسليم."
SNAPCHAT PLUS,,1 MOIS,500,
SNAPCHAT PLUS,,12 MOIS,2500,"💬🔥 ما هي خدمة Snapchat+؟📸 Snapchat+ هو اشتراك مميز في تطبيق سناب شات يتيح لك الوصول إلى مميزات إضافية حصرية تجعل تجربتك أكثر إثارة!🔹 تخصيص المزيد من إعدادات التطبيق مثل الأيقونات والموضوعات 📲✨🔹 إمكانية مشاهدة من زار ملفك الشخصي! 👀🔍🔹 الوصول إلى فلاتر وميزات حصرية 🎨💥🔹 إدارة الأدوات بشكل احترافي وأكثر 💎🔑

⏱️ ما هي مدة التسليم؟⏩ يتم التفعيل في غضون 15 إلى 30 دقيقة فقط بعد استلام الحساب! ⏳🎯

🔐 كيف يتم التفعيل؟👤 العميل يقوم بإرسال حسابه الخاص بنا 📨💳 نقوم بالتفعيل مباشرة على حسابك باستخدام الأيدي الخاصة بنا 🎮📌 لا حاجة لأي خطوات من طرفك — فقط أرسل حسابك، ونحن نتكفل بالباقي بكل احترافية ✅✨

📆 ما هي مدة الاشتراك؟🗓️ تتوفر باقات اشتراك مختلفة:🔸 شهر واحد🔸 12 شهر💸 اختر المدة المناسبة لك واستمتع بكامل المميزات!

📱 على أي أجهزة يعمل؟💻🖥️ يعمل على جميع المنصات:🔹 Windows / macOS🔹 Android / iOS🔹 المتصفح أيضاً 🌐🎉 استمتع بتجربة فريدة في أي وقت وأي مكان!

ملاحظات هامة:✨ فريقنا يعمل على ضمان تجربة سلسة وسريعة لكافة العملاء.🌟 يرجى التأكد من تزويدنا بمعلومات دقيقة لتجنب أي تأخير في عملية التسليم.
"
Spotify,,Premium 1 MOIS,700,
Spotify,,Premium 3 MOIS,1300,
Spotify,,Premium 6 MOIS,1900,
Spotify,,Premium 12 MOIS,3000,
Spotify,,Premium DUO 1 MOIS,1000,
Spotify,,Premium FAMILY 1 MOIS,1600,"💬🔥 ما هي خدمة Spotify Premium؟🎶 Spotify Premium هو اشتراك مميز يقدم لك تجربة موسيقية لا مثيل لها!🔹 استمتع بالموسيقى بدون إعلانات! 🚫🎵🔹 إمكانية الاستماع للموسيقى دون الاتصال بالإنترنت 🎧🔊🔹 إمكانية اختيار وتشغيل أي أغنية مباشرة بدون قيود 🎤🔹 إمكانية الاستماع بجودة صوت عالية! 🎶💎

⏱️ ما هي مدة التسليم؟⏩ يتم التفعيل في غضون 15 إلى 30 دقيقة فقط بعد استلام الحساب! ⏳🎯

🔐 كيف يتم التفعيل؟💳 نقوم بالتفعيل مباشرة على حسابك أو اذا أردت نرسل لك حساب جديد🎮📌 لا حاجة لأي خطوات من طرفك — فقط أرسل حسابك، ونحن نتكفل بالباقي بكل احترافية ✅✨

📆 ما هي مدة الاشتراك؟🗓️ تتوفر باقات اشتراك مختلفة:🔸 شهر واحد🔸 6 أشهر🔸 12 شهر💸 اختر المدة المناسبة لك واستمتع بكامل المميزات!

📱 على أي أجهزة يعمل؟💻🖥️ يعمل على جميع المنصات:🔹 Windows / macOS🔹 Android / iOS🔹 المتصفح أيضاً 🌐🎉 استمتع بموسيقى غير محدودة في أي وقت وأي مكان!

ملاحظات هامة:✨ فريقنا يعمل على ضمان تجربة سلسة وسريعة لكافة العملاء.🌟 يرجى التأكد من تزويدنا بمعلومات دقيقة لتجنب أي تأخير في عملية التسليم."
LEAGUE OF LEGENDS RP,575,,1400,
LEAGUE OF LEGENDS RP,3190,,6550,
LEAGUE OF LEGENDS RP,4500,,9150,
LEAGUE OF LEGENDS RP,6500,,13200,"طريقة شحن كود هدية League of Legends:

بعد شراءك كود Riot PIN من صفحتنا، سيتم إرسال الكود إليك فورًا.

افتح لعبة League of Legends وسجّل الدخول إلى حسابك.

اضغط على رمز الصندوق (المتجر) ثم اختر شراء RP.

اختر طريقة الدفع البطاقات المدفوعة مسبقًا (Prepaid Cards)، وأدخل الكود الذي وصلك.

اضغط على تأكيد (Submit)، وسيتم شحن الرصيد مباشرة.

🎮 جاهز تعزز حسابك؟ اطلب الكود الآن من صفحتنا وابدأ المتعة! 💥"
MARVEL RIVALS شحن,100 Lattices,,400,
MARVEL RIVALS شحن,500 Lattices,,1350,
MARVEL RIVALS شحن,1000 Lattices,,2500,
MARVEL RIVALS شحن,2180 Lattices,,4750,
MARVEL RIVALS شحن,5680 Lattices,,11650,
MARVEL RIVALS شحن,11680 Lattices,,22500,"
💬🔥  نقوم بالشراء على حسابك. باستخدام الأيدي
⏱️ ما هي مدة التسليم؟
⏩ يتم التسليم في غضون 15 إلى 30 دقيقة. 🎮✨
ملاحظات هامة:
✨ فريقنا يعمل على ضمان تجربة سلسة وسريعة لكافة العملاء.
🌟 يرجى التأكد من تزويدنا بمعلومات دقيقة لتجنب أي تأخير في عملية التسليم."
GENSHIN IMPACT  شحن,BLESSING OF THE WELKIN MOON/PASS(3000 PRIMOGEMS TOTAL),,1300,
GENSHIN IMPACT  شحن,60 PRIMO GEMS/ 120(في حالة الشحن للمرة الأولى),,350,
GENSHIN IMPACT  شحن,330 PRIMO GEMS/600(في حالة الشحن للمرة الأولى),,1300,
GENSHIN IMPACT  شحن,1090 PRIMO GEMS/ 1960(في حالة الشحن للمرة الأولى),,3300,
GENSHIN IMPACT  شحن,2240 PRIMO GEMS/ 2960(في حالة الشحن للمرة الأولى),,7000,
GENSHIN IMPACT  شحن,3880 PRIMO GEMS/ 6560(في حالة الشحن للمرة الأولى),,10500,"نقوم بالشحن مباشرة من الحساب✅
🔐 هل أحتاج إلى إعطاء حسابي؟
✔️ نعم، تحتاج إلى تزويدنا ببيانات حسابك، وسنقوم بالتفعيل لك.
⏱️ ما هي مدة التسليم؟
⚡ يتم التسليم في غضون 15 إلى 30 دقيقة. 🎧🎉
ملاحظات هامة:
✨ فريقنا يعمل على ضمان تجربة سلسة وسريعة لكافة العملاء.
🌟 يرجى التأكد من تزويدنا بمعلومات دقيقة لتجنب أي تأخير في عملية التسليم."""
BRAWL STARS شحن,BRAWL PASS,,1150,
BRAWL STARS شحن,BRAWL PASS PLUS,,1450,
BRAWL STARS شحن,PRO PASS,,3450,
BRAWL STARS شحن,1100 POWER POINTS,,700,
BRAWL STARS شحن,3300 POWER POINTS,,1450,
BRAWL STARS شحن,2200 COINS,,700,
BRAWL STARS شحن,6600 COINS,,1450,
BRAWL STARS شحن,33 GEMS,,400,
BRAWL STARS شحن,88 GEMS,,900,
BRAWL STARS شحن,187 GEMS,,1450,
BRAWL STARS شحن,396 GEMS,,2900,
BRAWL STARS شحن,1045 GEMS,,6000,
BRAWL STARS شحن,2200 GEMS,,13500,"
💬🔥  نقوم بالشراء على حسابك. باستخدام الأيدي
⏱️ ما هي مدة التسليم؟
⏩ يتم التسليم في غضون 15 إلى 30 دقيقة. 🎮✨
ملاحظات هامة:
✨ فريقنا يعمل على ضمان تجربة سلسة وسريعة لكافة العملاء.
🌟 يرجى التأكد من تزويدنا بمعلومات دقيقة لتجنب أي تأخير في عملية التسليم."
CLASH OF CLANS شحن,EVENT PASS - تذكرة الحدث,,1450,
CLASH OF CLANS شحن,GOLD PASS - التذكرة الذهبية,,2150,
CLASH OF CLANS شحن,80 GEMS,,400,
CLASH OF CLANS شحن,500 GEMS,,1450,
CLASH OF CLANS شحن,1200 GEMS,,2900,
CLASH OF CLANS شحن,2500 GEMS,,6000,
CLASH OF CLANS شحن,6500 GEMS,,13500,
CLASH OF CLANS شحن,14000 GEMS,,25000,"
💬🔥  نقوم بالشراء على حسابك. باستخدام الأيدي
⏱️ ما هي مدة التسليم؟
⏩ يتم التسليم في غضون 15 إلى 30 دقيقة. 🎮✨
ملاحظات هامة:
✨ فريقنا يعمل على ضمان تجربة سلسة وسريعة لكافة العملاء.
🌟 يرجى التأكد من تزويدنا بمعلومات دقيقة لتجنب أي تأخير في عملية التسليم."
CLASH ROYALE شحن,DAILY OFFER,,1450,
CLASH ROYALE شحن,DIAMOND PASS,,3400,
CLASH ROYALE شحن,ROYAL STARTER PACK,,400,
CLASH ROYALE شحن,80 GEMS,,400,
CLASH ROYALE شحن,500 GEMS,,1450,
CLASH ROYALE شحن,1200 GEMS,,2900,
CLASH ROYALE شحن,2500 GEMS,,6000,
CLASH ROYALE شحن,6500 GEMS,,13500,
CLASH ROYALE شحن,14000 GEMS,,25000,"
💬🔥  نقوم بالشراء على حسابك. باستخدام الأيدي
⏱️ ما هي مدة التسليم؟
⏩ يتم التسليم في غضون 15 إلى 30 دقيقة. 🎮✨
ملاحظات هامة:
✨ فريقنا يعمل على ضمان تجربة سلسة وسريعة لكافة العملاء.
🌟 يرجى التأكد من تزويدنا بمعلومات دقيقة لتجنب أي تأخير في عملية التسليم."
LORDS MOBILE شحن,7D DIAMOND PASS 199 DIAMONDS + 30 DIAMOND * 7 JOURS (TOTAL 410),,800,
LORDS MOBILE شحن,30D DIAMOND PASS 1999 DIAMONDS + 70 DIAMOND * 30 JOURS (TOTAL 4100),,5500,
LORDS MOBILE شحن,99 DIAMONDS,,400,
LORDS MOBILE شحن,199 DIAMONDS,,800,
LORDS MOBILE شحن,499 DIAMONDS,,1450,
LORDS MOBILE شحن,999 DIAMONDS,,2900,
LORDS MOBILE شحن,1999 DIAMONDS,,5500,
LORDS MOBILE شحن,2499 DIAMONDS,,6650,
LORDS MOBILE شحن,2999 DIAMONDS,,8000,
LORDS MOBILE شحن,3999 DIAMONDS,,10800,
LORDS MOBILE شحن,4999 DIAMONDS,,13500,
LORDS MOBILE شحن,9999 DIAMOND,,25200,
LORDS MOBILE شحن,19999 DIAMOND,,50000,"
💬🔥  نقوم بالشراء على حسابك. باستخدام الأيدي
⏱️ ما هي مدة التسليم؟
⏩ يتم التسليم في غضون 15 إلى 30 دقيقة. 🎮✨
ملاحظات هامة:
✨ فريقنا يعمل على ضمان تجربة سلسة وسريعة لكافة العملاء.
🌟 يرجى التأكد من تزويدنا بمعلومات دقيقة لتجنب أي تأخير في عملية التسليم."
LAGOFAST VIP,,1 MOIS,1250,
LAGOFAST VIP,,3 MOIS,2000,
LAGOFAST VIP,,12 MOIS,3300,"💬🔥 ما هو LagoFast؟
🎯 LagoFast برنامج احترافي لتسريع الألعاب وتقليل الـPing 🎮⚡، يحسن تجربة اللعب على الكمبيوتر والجوال (iOS وAndroid) 📱💻🚀
مهما كانت لعبتك، LagoFast يضمن اتصال أسرع ولعب بدون تقطيع! 🔥✨

⏱️ مدة التسليم؟
⏩ خلال 15 إلى 30 دقيقة بعد تأكيد الطلب واستلام الحساب! ⏳🎮

🔐 كيف يتم التفعيل؟
👤 أرسل حسابك الخاص 📨💳 ونفعل مباشرة على حسابك 🎮📌
لا خطوات إضافية — فقط أرسل الحساب وانتظر التفعيل السريع! ⚡✅

📆 مدة الاشتراك؟
🗓️ خطط شهرية وأطول حسب احتياجك 💸🎁 اختر المدة المناسبة لك! ⏱️

🌍 الألعاب المدعومة؟
🕹️ PUBG، Call of Duty، Fortnite، Valorant، Free Fire، وأكثر! 🚀🎮

📱 الأجهزة المدعومة؟
✅ Windows 💻، Android 📱، iOS 🍎

✨ فريقنا يضمن تجربة سلسة وسريعة، يرجى تزويدنا بمعلومات دقيقة لتجنب التأخير. 🌟"
EXITLAG,,1 MOIS,1250,
EXITLAG,,12 MOIS ,5000,"💬🔥 ما هو ExitLag؟🎯 ExitLag MOBILE هو برنامج متخصص في تقليل الـPing وتحسين الاتصال في الألعاب أونلاين 🎮⚡، ويُعد من أفضل الأدوات لعشاق الألعاب التنافسية! 🏆يساعدك في التخلص من التقطيع، تقليل التأخير، وزيادة استقرار الشبكة 📶💪

⏱️ ما هي مدة التسليم؟⏩ يتم التسليم في غضون 15 إلى 30 دقيقة فقط بعد استلام الحساب وتأكيد الطلب! ⏳🚀

🔐 كيف يتم التفعيل؟👤 العميل يقوم بإرسال حسابه الخاص بنا 📨💳 نقوم بالشراء والتفعيل مباشرة على الحساب  🎮📌 كل شيء يتم بأمان واحترافية تامة — فقط أرسل حسابك وانتظر التفعيل! ✅✨

📆 ما هي مدة الاشتراك؟🗓️ تتوفر اشتراكات شهرية وحتى 12 شهر حسب رغبتك 💸🎁اختر المدة اللي تناسب احتياجك في اللعب! 🎮⏱️

🌍 ما هي الألعاب اللي يدعمها ExitLag؟🕹️ يدعم آلاف الألعاب العالمية من بينها:

📱 على أي أجهزة يعمل؟✅ يدعم EXITLAG كل المنصات التالية:

🔹 Android 📱

🔹 iOS 🍎📩 



ملاحظات هامة:✨ فريقنا يعمل على ضمان تجربة سلسة وسريعة لكافة العملاء.🌟 يرجى التأكد من تزويدنا بمعلومات دقيقة لتجنب أي تأخير في عملية التسليم.
"
EA PLAY,PC,1 MOIS,1350,
EA PLAY,PC,12 MOIS,6500,"💬🔥 ما هي خدمة EA Play؟🎮 EA Play هي خدمة اشتراك مقدمة من شركة EA تمنحك وصولًا حصريًا إلى مجموعة ضخمة من الألعاب الرائعة مثل FIFA، Battlefield، Need for Speed والمزيد! 🕹️🔥احصل على تجارب مبكرة، خصومات، ومكتبة ألعاب ضخمة تنتظرك! 🎁🚀

⏱️ ما هي مدة التسليم؟⏩ يتم التفعيل في غضون 15 إلى 30 دقيقة فقط بعد استلام الحساب! ⏳🎮

🔐 كيف يتم التفعيل؟👤 العميل يقوم بإرسال حسابه الخاص 📨💳 نقوم بالتفعيل مباشرة على حسابك  🎮📌 لا حاجة لأي خطوات من طرفك — فقط أرسل حسابك، ونحن نتكفل بالباقي بكل احترافية ✅✨

📆 ما هي مدة الاشتراك؟🗓️ تتوفر اشتراكات شهرية، وحتى 12 شهر حسب العرض 💸🎁اختر المدة اللي تناسبك وخلك جاهز للتجربة! 🎮⚡

🎮 ما هي الألعاب اللي أقدر ألعبها؟🕹️ اشتراك EA Play يمنحك وصولًا لعناوين مشهورة مثل:🔸 FIFA🔸 Battlefield🔸 Need for Speed🔸 The Sims🔸 Star Wars🔸 وأكثر بكثير! 🎯🔥

📱 على أي أجهزة يعمل؟✅ يمكنك استخدام EA Play على:🔹 Windows (عبر EA App)💡 تأكد من إرسال الحساب الصحيح  🎮💻


ملاحظات هامة:✨ فريقنا يعمل على ضمان تجربة سلسة وسريعة لكافة العملاء.🌟 يرجى التأكد من تزويدنا بمعلومات دقيقة لتجنب أي تأخير في عملية التسليم.
"
MICROSOFT 365,,BASIC 1 MOIS,500,
MICROSOFT 365,,BASIC 12 MOIS,3600,
MICROSOFT 365,,PERSONAL 1 MOIS,1600,
MICROSOFT 365,,PERSONAL 12 MOIS,12500,
MICROSOFT 365,,1 MOIS FAMILY(6 Personnes),2000,
MICROSOFT 365,,12 MOIS FAMILY(6 personnes),14000,
MOBILE LEGENDS شحن,42,DIAMONDS,300,
MOBILE LEGENDS شحن,56,DIAMONDS,350,
MOBILE LEGENDS شحن,86,DIAMONDS,400,
MOBILE LEGENDS شحن,112,DIAMONDS,600,
MOBILE LEGENDS شحن,140,DIAMONDS,800,
MOBILE LEGENDS شحن,172,DIAMONDS,830,
MOBILE LEGENDS شحن,257,DIAMONDS,1000,
MOBILE LEGENDS شحن,279,DIAMONDS,1300,
MOBILE LEGENDS شحن,284,DIAMONDS,1350,
MOBILE LEGENDS شحن,336,DIAMONDS,1600,
MOBILE LEGENDS شحن,355,DIAMONDS,1700,
MOBILE LEGENDS شحن,370,DIAMONDS,1900,
MOBILE LEGENDS شحن,518,DIAMONDS,2150,
MOBILE LEGENDS شحن,570,DIAMONDS,2350,
MOBILE LEGENDS شحن,706,DIAMONDS,2600,
MOBILE LEGENDS شحن,963,DIAMONDS,3500,
MOBILE LEGENDS شحن,1067,DIAMONDS,4100,
MOBILE LEGENDS شحن,1084,DIAMONDS,4200,
MOBILE LEGENDS شحن,1163,DIAMONDS,4350,
MOBILE LEGENDS شحن,1584,DIAMONDS,5550,
MOBILE LEGENDS شحن,1704,DIAMONDS,6450,
MOBILE LEGENDS شحن,1733,DIAMONDS,6500,
MOBILE LEGENDS شحن,2195,DIAMONDS,7200,
MOBILE LEGENDS شحن,2398,DIAMONDS,8300,
MOBILE LEGENDS شحن,2855,DIAMONDS,10500,"MOBILE LEGENDS BANG BANG
💬🔥  نقوم بالشراء على حسابك. باستخدام الأيدي
⏱️ ما هي مدة التسليم؟
⏩ يتم التسليم في غضون 15 إلى 30 دقيقة. 🎮✨
ملاحظات هامة:
✨ فريقنا يعمل على ضمان تجربة سلسة وسريعة لكافة العملاء.
🌟 يرجى التأكد من تزويدنا بمعلومات دقيقة لتجنب أي تأخير في عملية التسليم."
CALL OF DUTY شحن,,200 POINTS,550,
CALL OF DUTY شحن,,500 POINTS,1250,
CALL OF DUTY شحن,,1100 POINTS,2300,
CALL OF DUTY شحن,,2400 POINTS,4400,
CALL OF DUTY شحن,,5000 POINTS,8800,
CALL OF DUTY شحن,,9500 POINTS,15500,
CALL OF DUTY شحن,,13000 POINTS,19500,
CALL OF DUTY شحن,,PACKS,4400,"🎮🔥 هل تلعب Call of Duty وتحتاج شحن CP بسرعة وأمان؟📥 نحن هنا نوفر لك خدمة شحن احترافية مباشرة على حسابك — بدون أكواد، بدون تعقيد! ✅⚡

🔐 فقط ترسل حسابك، والباقي علينا!📌 الخدمة تحتاج الدخول لحسابك لتنفيذ الشحن بشكل مباشر ودقيق.

💻🕹️ تشتغل على كل المنصات:🔹 PlayStation ✅🔹 Xbox ✅🔹 PC ✅🎯 مهما كانت منصتك، نحن نغطيها!

⏱️ مدة التسليم؟🚀 خلال 15 إلى 30 دقيقة فقط — سريعين وموثوقين 💪💨

💸 أسعارنا تنافسية وبأفضل العروض 🎯  

🛡️ كل شيء يتم بأمان تام وباحترافية عالية!"
