 Offer,Option,Plan,Price,FAQ
FREE FIRE ูุฑู ูุงูุฑ,ุงูุนุถููุฉ ุงูุฃุณุจูุนูุฉ,,700,
FREE FIRE ูุฑู ูุงูุฑ,ุงูุนุถููุฉ ุงูุดูุฑูุฉ,,2900,
FREE FIRE ูุฑู ูุงูุฑ,BOOYAH PASS,,990,
FREE FIRE ูุฑู ูุงูุฑ,50 Diamonds,,180,
FREE FIRE ูุฑู ูุงูุฑ,100 Diamonds,,320,
FREE FIRE ูุฑู ูุงูุฑ,310 Diamonds,,1050,
FREE FIRE ูุฑู ูุงูุฑ,583 Diamonds,,1500,
FREE FIRE ูุฑู ูุงูุฑ,1188 Diamonds,,2900,
FREE FIRE ูุฑู ูุงูุฑ,2420 Diamonds,,5800,
FREE FIRE ูุฑู ูุงูุฑ,6160 Diamonds,,14900,
FREE FIRE ูุฑู ูุงูุฑ,1270 Diamonds(ูุฑุฉ ูุงุญุฏุฉ),,2250,"๐ โฑ๏ธ ูุฏุฉ ุงูุชุณููู ูุน ZED Services:โฉ ูู 5 ุฅูู 15 ุฏูููุฉ (ูุฃุญูุงูุงู ุฃุณุฑุน ุญุณุจ ุงูุถุบุท!) ๐

๐ ููุงุญุธุงุช ูููุฉ:โ๏ธ ุฃุฑุณู ุขูุฏู ุงููุนุจุฉ (UID)โ๏ธ ุงูุฏูุน ุจุงูุทุฑููุฉ ุงููู ุชูุงุณุจู ๐ณโ๏ธ ุฅุฐุง ูุงุฌูุช ุฃู ูุดููุฉุ ุชูุงุตู ูุนูุง ููุฑุงู  ๐ฌ

๐ ูููุฒุงุช ZED Services:๐ ุฃุณุนุงุฑูุง ุชูุงูุณูุฉ ูููุงุณุจุฉ ููุฌููุน ๐ฐ๐ ุฏุนู ููู ูุชูุงุตู ูุณุฑูุน โก๐ ุถูุงู ุงูุชุณููู ุฃู ุงุณุชุฑุฏุงุฏ ุงููุจูุบ ๐"
ุดุฑุงุก ุงูุนุงุจ ูู ุญุณุงุจูู ูู ูู ุงูููุตุงุช,,,"ุงุฑุณู ุตูุฑุฉ ุงููุนุจุฉ ู ุณูุชูุงุตู ุงูุฃุฏููู ูุนู 
ูุจุงุดุฑุฉ ูุน ุงูุนูู ุฃู ุฃูุฃูุนุงุจ ูููู ุงู ุชููู
 ุฃุฑุฎุต ุนูุฏูุง ู ูุจูุน ุจุฏูู ุฅุณุชุซูุงุก ูู ุฃูุนุงุจ
 STEAM/XBOX/EPIC GAMES","ุงุฑุณู ุตูุฑุฉ ุงููุนุจุฉ ู ุณูุชูุงุตู ุงูุฃุฏููู ูุนู 
ูุจุงุดุฑุฉ ูุน ุงูุนูู ุฃู ุฃูุฃูุนุงุจ ูููู ุงู ุชููู
 ุฃุฑุฎุต ุนูุฏูุง ู ูุจูุน ุจุฏูู ุฅุณุชุซูุงุก ูู ุฃูุนุงุจ
 STEAM/XBOX/EPIC GAMES"
GAME PASS ULTIMATE ุบูู ุจุงุณ ุงูุชูููุช,๐ขXBOX,1 MOIS,1500,
GAME PASS ULTIMATE ุบูู ุจุงุณ ุงูุชูููุช,๐ขXBOX,3 MOIS,2200,
GAME PASS ULTIMATE ุบูู ุจุงุณ ุงูุชูููุช,๐ขXBOX,5 MOIS,4900,
GAME PASS ULTIMATE ุบูู ุจุงุณ ุงูุชูููุช,๐ขXBOX,12 MOIS,6900,
GAME PASS ULTIMATE ุบูู ุจุงุณ ุงูุชูููุช,๐ขPC,1 MOIS,1000,
GAME PASS ULTIMATE ุบูู ุจุงุณ ุงูุชูููุช,๐ขPC,3 MOIS,1750,
GAME PASS ULTIMATE ุบูู ุจุงุณ ุงูุชูููุช,๐ขPC,5 MOIS,4000,
GAME PASS ULTIMATE ุบูู ุจุงุณ ุงูุชูููุช,๐ขPC,12 MOIS,6900,"โ ุงูุฃุณุฆูุฉ ูุงูุฃุฌูุจุฉ
1๏ธโฃ ูุง ูู ูุฐุง ุงูุนุฑุถุ ๐ฎ

ุญุณุงุจ Microsoft Store ุฌุฏูุฏ ูุน ุงุดุชุฑุงู Xbox Game Pass Ultimate (PC/XBOX) ููุฏุฉ 12 ุดูุฑุ ููุนูู ูุฌุงูุฒ.""

2๏ธโฃ ูู ุนุฏุฏ ุงูุฃูุนุงุจ ุงููุชููุฑุฉุ ๐

ุฃูุซุฑ ูู 450 ูุนุจุฉ ูุงููุฉ ูุชุงุญุฉ ููุชุญููู ูุงููุนุจ ุจุฏูู ุญุฏูุฏ.

3๏ธโฃ ูู ุงูุฃูุนุงุจ ูุงููุฉ ุฃู ุชุฌุฑูุจูุฉุ โ

ุงูุฃูุนุงุจ ูุงููุฉ 100% ูุน ูุนุจ ุบูุฑ ูุญุฏูุฏ ุทูุงู ุงูุณูุฉ.

4๏ธโฃ ูู ุชูุฌุฏ ุฃูุนุงุจ ูุดููุฑุฉุ โญ""

ูุนู. Forza Horizon 5ุ Halo Infiniteุ Microsoft Flight Simulator 2024ุ Mortal Kombat 11ุ Tomb Raiderุ Crash Bandicootุ Football Manager 2026ุ ูุบูุฑูุง ูุซูุฑ.

5๏ธโฃ ูู ุชุชููุฑ ุงูุฃูุนุงุจ ุงูุฌุฏูุฏุฉ ููู ุงูุฅุทูุงูุ ๐
 ูุง ุงูุฃูุนุงุจ ุบูุฑ ุงููุชุถููุฉุ 
EA Playุ Ubisoftุ Activision / Call of Dutyุ Minecraftุ Sea of Thieves.
ูุนู. ุงููุตูู ููุฃูุนุงุจ ุงูุฌุฏูุฏุฉ ูููู ููุฑ ุตุฏูุฑูุง.

6๏ธโฃ ูู ูุฐุง ููุฏ ุฃู ููุชุงุญ ุชูุนููุ ๐

ูุง. ุณุชุญุตู ุนูู ุญุณุงุจ Microsoft Store ุฌุฏูุฏ ูููุณ ููุฏ.""

7๏ธโฃ ููู ูุชู ุงูุฏูุนุ ๐ณ

ุฏูุน ูุฑุฉ ูุงุญุฏุฉ ููุท ููุฏุฉ 12 ุดูุฑุ ุจุฏูู ุงุดุชุฑุงู ุดูุฑู.
9๏ธโฃ ุนูู ุฃู ุฌูุงุฒ ูุนููุ ๐ป

ูุนูู ุนูู PC/XBOX ููุท. ุชุณุฌูู ุงูุฏุฎูู ูุงููุนุจ ูุจุงุดุฑุฉ.
"

 FORTNITE ููุฑุชูุงูุช,,100 V-BUCKS,400,
 FORTNITE ููุฑุชูุงูุช,GIFT BATTLEPASS,,1300,
 FORTNITE ููุฑุชูุงูุช,,2600 V-BUCKS          ,3300,
 FORTNITE ููุฑุชูุงูุช,,2800 V-BUCKS          ,3600,
 FORTNITE ููุฑุชูุงูุช,,3000 V-BUCKS          ,3800,
 FORTNITE ููุฑุชูุงูุช,,3200 V-BUCKS          ,4000,
 FORTNITE ููุฑุชูุงูุช,,3400 V-BUCKS          ,4200,"        "
 FORTNITE ููุฑุชูุงูุช,,3600 V-BUCKS          ,4400,
 FORTNITE ููุฑุชูุงูุช,,3800 V-BUCKS          ,4600,
 FORTNITE ููุฑุชูุงูุช,,4000 V-BUCKS          ,4800,
 FORTNITE ููุฑุชูุงูุช,,4200 V-BUCKS          ,5000,
 FORTNITE ููุฑุชูุงูุช,,4400 V-BUCKS          ,5200,
 FORTNITE ููุฑุชูุงูุช,,4600 V-BUCKS          ,5400,
 FORTNITE ููุฑุชูุงูุช,,4800 V-BUCKS          ,5600,
 FORTNITE ููุฑุชูุงูุช,,5000 V-BUCKS          ,5800,
 FORTNITE ููุฑุชูุงูุช,,13500 V-BUCKS         ,13500,"        "

 FORTNITE ููุฑุชูุงูุช,,-------------------------------------------------------------------    ,000000000000000,"        "

FORTNITE ููุฑุชูุงูุช,GIFT EMOTE/ITEM 200 V-BUCKS               ,,200,
FORTNITE ููุฑุชูุงูุช,GIFT EMOTE/ITEM 400 V-BUCKS               ,,400,
FORTNITE ููุฑุชูุงูุช,GIFT EMOTE/ITEM 500 V-BUCKS               ,,500,
FORTNITE ููุฑุชูุงูุช,GIFT OUTFIT/PET/SKIN 800 V-BUCKS               ,,800,
FORTNITE ููุฑุชูุงูุช,GIFT OUTFIT/PET/SKIN 1200 V-BUCKS              ,,1200,
FORTNITE ููุฑุชูุงูุช,GIFT OUTFIT/PET/SKIN 1500 V-BUCKS              ,,1500,
FORTNITE ููุฑุชูุงูุช,GIFT OUTFIT/PET/SKIN 1600 V-BUCKS              ,,1600,
FORTNITE ููุฑุชูุงูุช,GIFT OUTFIT/PET/SKIN 1800 V-BUCKS              ,,1800,
FORTNITE ููุฑุชูุงูุช,GIFT OUTFIT/BUNDE/SKIN 2000 V-BUCKS            ,,2000,""
FORTNITE ููุฑุชูุงูุช,GIFT OUTFIT/BUNDLE/SKIN 2100 V-BUCKS           ,,2100,
FORTNITE ููุฑุชูุงูุช,GIFT OUTFIT/BUNDLE/SKIN 2200 V-BUCKS           ,,2200,
FORTNITE ููุฑุชูุงูุช,GIFT OUTFIT/BUNDLE/SKIN 2500 V-BUCKS           ,,2500,
FORTNITE ููุฑุชูุงูุช,GIFT OUTFIT/BUNDLE/SKIN 2600 V-BUCKS           ,,2600,
FORTNITE ููุฑุชูุงูุช,GIFT OUTFIT/BUNDLE/SKIN 2800 V-BUCKS           ,,2800,

FORTNITE ููุฑุชูุงูุช,,-------------------------------------------------------------------    ,000000000000000,"        ""               "
FORTNITE ููุฑุชูุงูุช,gift Bassasin quest pack,,1300,
FORTNITE ููุฑุชูุงูุช,gift polar legends pack,,3200,
FORTNITE ููุฑุชูุงูุช,gift Shaka surfin pack 600 vbucks,,900,
FORTNITE ููุฑุชูุงูุช,gift operation brite starter pack,,1050,
FORTNITE ููุฑุชูุงูุช,gift frozen legends pack,,1800,
FORTNITE ููุฑุชูุงูุช,gift agency renegades pack,,1900,
FORTNITE ููุฑุชูุงูุช,gift glided elites pack,,2700,""
FORTNITE ููุฑุชูุงูุช,gift full clip pack save the world,,2800,

FORTNITE ููุฑุชูุงูุช,,-------------------------------------------------------------------    ,000000000000000,"        "


FORTNITE ููุฑุชูุงูุช,FORTNITE CREW,1 MOIS,1100,
FORTNITE ููุฑุชูุงูุช,FORTNITE CREW/CLUB,3 MOIS(ูู ุดูุฑ 970),2900,
FORTNITE ููุฑุชูุงูุช,FORTNITE CREW/CLUB,6 MOIS(ูู ุดูุฑ 650),3800,"  Fortnite Packs & Crew & V-BUCKS
๐ ูู ZED SERVICES ูุจุงุดุฑุฉ ุฅูู ุญุณุงุจู!

๐ ููููุฉ ุงูุทูุจ:

ุฃุฑุณู ุจูุงูุงุช ุญุณุงุจ EPIC GAMES
ุฃู ุฃุถู ุญุณุงุจุงุชูุง:
ZEDGIFT1
ZEDGIFT2

ูููุฐ ุงูุทูุจ ุฎูุงู 15-30 ุฏูููุฉ

ุงุณุชูู ูุงุณุชูุชุน!

๐ ุถูุงูุงุช ZED SERVICES:
โ ุฃูุงู ูุงูู ูููุนูููุงุช
โ ุฏุนู ููุฑู ุนูุฏ ุงูุญุงุฌุฉ
โ ุฃุณุนุงุฑ ุชูุงูุณูุฉ ูุฌูุฏุฉ ูุถูููุฉ"
VALORANT ูุงููุฑุงูุช,ุญุณุงุจ ุฌุฏูุฏ ุชุฑูู + BATTLE PASS,,3500,
VALORANT ูุงููุฑุงูุช,475 VP,,1350,
VALORANT ูุงููุฑุงูุช,1000 VP,,2300,
VALORANT ูุงููุฑุงูุช,2050 VP,,4550,
VALORANT ูุงููุฑุงูุช,3650 VP,,7400,
VALORANT ูุงููุฑุงูุช,5350 VP,,11500,
VALORANT ูุงููุฑุงูุช,11000 VP,,17000,"๐ฏ ZED SERVICES |  ูุงููุฑุงููุช VP ููุฑู โก
โฑ๏ธ ููุฏ  ุฑุณูู ุฎูุงู 5 ุฏูุงุฆู ุจุนุฏ ุงูุฏูุน ููุท! โ

๐ฅ ููุงุฐุง ุชุฎุชุงุฑ ZED SERVICESุ
โ ุฃุณุฑุน ุฎุฏูุฉ ูู ุงูุณูู - ุงุณุชูู ููุฏ VP ุฎูุงู 5 ุฏูุงุฆู ุจุนุฏ ุงูุชุฃููุฏ
โ ุจููุทูุฉ ุชุฑููุง ุฃุณุนุงุฑ ุฎุงุตุฉ - ุชูููุฑ ูุตู ูู30% ุนู ุงููุชุฌุฑ ุงูุฑุณูู
โ ุถูุงู ZED ุงูุฐูุจู:

ุงุณุชุฑุฏุงุฏ ูุงูู ุงููุจูุบ ุฅุฐุง ุชุฃุฎุฑ ุงูุชุณููู ุนู 15 ุฏูููุฉ
ููุฏ ุฑุณูู ูู RIOT 100% ุตุงูุญ

ุฏุนู ููู ุนูู ูุฏุงุฑ ุงูุณุงุนุฉ

๐ณ ุทุฑููุฉ ุงูุทูุจ ุงูุณููุฉ:
1๏ธโฃ ุงุฎุชุฑ ููุจุฉ ุงููVP (400/1000/2400/ุฅูุฎ)
3๏ธโฃ ุงุณุชูู ุงูููุฏ ุฎูุงู 5 ุฏูุงุฆู!

๐ ููุงุญุธุงุช ZED ุงููููุฉ:
โข ุฎุฏูุฉ ุนููุงุก ZED ุฌุงูุฒุฉ ููุณุงุนุฏุชู 24/7

๐ ุงุทูุจ ุงูุขู ูู ZED SERVICES - ุงูุฎูุงุฑ ุงูุฃุณุฑุน ูุงูุฃูุซุฑ ุฃูุงููุง!"

PES EFOOTBALL ุจูุณ ุงู ููุชุจูู,Pack Mourinho + 150 COINS,,1300,
PES EFOOTBALL ุจูุณ ุงู ููุชุจูู,Starter set: silverstre + 50 COINS,,300,
PES EFOOTBALL ุจูุณ ุงู ููุชุจูู,starter set van nistelrooij,,950,
PES EFOOTBALL ุจูุณ ุงู ููุชุจูู,260 COINS Promo,,350,
PES EFOOTBALL ุจูุณ ุงู ููุชุจูู,840 COINS Promo,,1900,
PES EFOOTBALL ุจูุณ ุงู ููุชุจูู,1630 COINS Promo,,3200,
PES EFOOTBALL ุจูุณ ุงู ููุชุจูู,130 COINS,,350,
PES EFOOTBALL ุจูุณ ุงู ููุชุจูู,300 COINS,,1000,
PES EFOOTBALL ุจูุณ ุงู ููุชุจูู,550 COINS,,1500,
PES EFOOTBALL ุจูุณ ุงู ููุชุจูู,750 COINS,,2250,
PES EFOOTBALL ุจูุณ ุงู ููุชุจูู,1040 COINS,,2950,
PES EFOOTBALL ุจูุณ ุงู ููุชุจูู,2130 COINS,,5500,
PES EFOOTBALL ุจูุณ ุงู ููุชุจูู,3250 COINS,,8000,"โฝ๐ฅ  eFootball ูุจุงุดุฑุฉ ูู ุญุณุงุจู ูุน ZED SERVICES! ๐ฅโฝ

ูุง ุญุงุฌุฉ ูุฑููุฒ ุฃู ูุชุงุนุจ! ุงูุฏูุน ูุจุงุดุฑ ูุขูู ูู ุญุณุงุจู ุงูุดุฎุตู!

โจ ูููุฒุงุช ุงูุฎุฏูุฉ:
โ  ููุฑู ุฏูู ุงูุชุธุงุฑ
โ ุฃุณุนุงุฑ ุชูุงูุณูุฉ ุจุฎุตููุงุช ุญุตุฑูุฉ
โ ุฏุนู ููู ุนูู ูุฏุงุฑ ุงูุณุงุนุฉ

๐ฎ ููู ุช ุฑุตูุฏ eFootballุ
1๏ธโฃ ุชุฃูุฏ ูู ุฑุจุท ุญุณุงุจู ุจูููุงูู
2๏ธโฃุฃุฑุณู ูุนูููุงุช ุงูุญุณุงุจ
3๏ธโฃ ุณุชุฌุฏ ุงูููุงุท ูู ุญุณุงุจู ูู ุฃูู ูู 15 ุฏูููุฉ

โก ุงุณุชูุชุน ุจุฃูุนุงุจู ุงูููุถูุฉ ุจุฏูู ุชุนููุฏ!"
ROBLOX ุฑูุจูููุณ,PREMIUM,,2800,
ROBLOX ุฑูุจูููุณ,350 ROBUX,,1000,
ROBLOX ุฑูุจูููุณ,700 ROBUX,,1750,
ROBLOX ุฑูุจูููุณ,1050 ROBUX ,,2600,
ROBLOX ุฑูุจูููุณ,1400 ROBUX ,,3300,
ROBLOX ุฑูุจูููุณ,1750 ROBUX ,,4000,
ROBLOX ุฑูุจูููุณ,2100 ROBUX ,,4800,
ROBLOX ุฑูุจูููุณ,3500 ROBUX ,,6900,"ู ุจุงููุณุจุฉ ูุทุฑููุฉ GIFT:

๐ฅ ุงูุทุฑููุฉ ุงูุฃุณูู ูุงูุฃุณุฑุน ููุญุตูู ุนูู Robux!

ููู ุชุนูู ุงูุฎุฏูุฉุ
1๏ธโฃ ุชุดุชุฑู Robux ูู ZED SERVICES (ุจุณุนุฑ ูููุฒ!)
2๏ธโฃ ูุฑุณููุง ูู ูุจุงุดุฑุฉ ุฏุงุฎู Roblox ุจุงุณุชุฎุฏุงู ูุธุงู ุงูุฅูุฏุงุก ุงูุฑุณูู
3๏ธโฃ ุชุณุชูููุง ููุฑูุง ูู ุญุณุงุจู - ุจุฏูู ุงูุชุธุงุฑ!
"
FC MOBILE ุงู ุณู ููุจุงูู,39 SILVER,,280,
FC MOBILE ุงู ุณู ููุจุงูู,99 SILVER,,350,
FC MOBILE ุงู ุณู ููุจุงูู,499 SILVER,,1600,
FC MOBILE ุงู ุณู ููุจุงูู,999 SILVER,,3050, 
FC MOBILE ุงู ุณู ููุจุงูู,1999 SILVER,,5800,
FC MOBILE ุงู ุณู ููุจุงูู,40 POINTS,,280,
FC MOBILE ุงู ุณู ููุจุงูู,100 POINTS,,350,
FC MOBILE ุงู ุณู ููุจุงูู,520 POINTS,,1600,
FC MOBILE ุงู ุณู ููุจุงูู,1070 POINTS,,3050, 
FC MOBILE ุงู ุณู ููุจุงูู,2200 POINTS,,5800,"โก ุฃุณุฑุน   ูู fc MOBILE! - ZED SERVICES
๐ณููุท ID ูุดุชุฑู ูู ูุจุงุดุฑุฉ ุนูู ุญุณุงุจู ุฎูุงู ุฏูุงุฆู! ุจุงุณุชุนูุงู ุงู 

โณ ุงูุชุณููู ุฎูุงู:
15-30 ุฏูููุฉ โฑ๏ธ (ุฃุณุฑุน ูู ุงูููุงูุณูู!)

๐ข ุชูุจููุงุช ZED SERVICES:
โ ุชุฃูุฏ ูู ุตุญุฉ ุจูุงูุงุชู ูุชุฌูุจ ุงูุชุฃุฎูุฑ
โ ุนูููุฉ ุขููุฉ ููุดูุฑุฉ ุจุงููุงูู
โ ุฏุนู ููุฑู ุนูุฏ ุงูุทูุจ

๐ฎ ูุง ุชูุชุธุฑ! ุฃุฑุณู ุทูุจู ุงูุขู ูุงุจุฏุฃ ุงููุนุจ ุฎูุงู ูุตู ุณุงุนุฉ!"
PUBG MOBILE ุจุจุฌู ููุจุงูู,60 UC,,300,
PUBG MOBILE ุจุจุฌู ููุจุงูู,325 UC,,1440,
PUBG MOBILE ุจุจุฌู ููุจุงูู,660 UC,,2750,
PUBG MOBILE ุจุจุฌู ููุจุงูู,1800 UC,,6200,
PUBG MOBILE ุจุจุฌู ููุจุงูู,3850 UC,,12300,"โก ุฃุณุฑุน  UC ูู PUBG MOBILE! - ZED SERVICES
๐ณููุท ID ูุดุชุฑู ูู ูุจุงุดุฑุฉ ุนูู ุญุณุงุจู ุฎูุงู ุฏูุงุฆู! ุจุงุณุชุนูุงู ุงู 

โณ ุงูุชุณููู ุฎูุงู:
15-30 ุฏูููุฉ โฑ๏ธ (ุฃุณุฑุน ูู ุงูููุงูุณูู!)

๐ข ุชูุจููุงุช ZED SERVICES:
โ ุชุฃูุฏ ูู ุตุญุฉ ุจูุงูุงุชู ูุชุฌูุจ ุงูุชุฃุฎูุฑ
โ ุนูููุฉ ุขููุฉ ููุดูุฑุฉ ุจุงููุงูู
โ ุฏุนู ููุฑู ุนูุฏ ุงูุทูุจ

๐ฎ ูุง ุชูุชุธุฑ! ุฃุฑุณู ุทูุจู ุงูุขู ูุงุจุฏุฃ ุงููุนุจ ุฎูุงู ูุตู ุณุงุนุฉ!"
BLOOD STRIKE ุจููุฏ ุณุชุฑุงูู,STRIKE PASS ELITE,,1150,
BLOOD STRIKE ุจููุฏ ุณุชุฑุงูู,STRIKE PASS PREMIUM,,2250,
BLOOD STRIKE ุจููุฏ ุณุชุฑุงูู,116 GOLDS,,350,
BLOOD STRIKE ุจููุฏ ุณุชุฑุงูู,352 GOLDS,,900,
BLOOD STRIKE ุจููุฏ ุณุชุฑุงูู,594 GOLDS,,1350,
BLOOD STRIKE ุจููุฏ ุณุชุฑุงูู,1210 GOLDS,,2550,
BLOOD STRIKE ุจููุฏ ุณุชุฑุงูู,2486 GOLDS,,4800,
BLOOD STRIKE ุจููุฏ ุณุชุฑุงูู,6380 GOLDS,,11800,
BLOOD STRIKE ุจููุฏ ุณุชุฑุงูู,LEVEL UP PASS,,850,
BLOOD STRIKE ุจููุฏ ุณุชุฑุงูู,099 DEAL,,400,"โก BLOOD STRIKE! ุฃุณุฑุน   ูู - ZED SERVICES
๐ณ ID ูุดุชุฑู ูู ูุจุงุดุฑุฉ ุนูู ุญุณุงุจู ุฎูุงู ุฏูุงุฆู! ุจุงุณุชุนูุงู ุงู

โณ ุงูุชุณููู ุฎูุงู:
15-30 ุฏูููุฉ โฑ๏ธ (ุฃุณุฑุน ูู ุงูููุงูุณูู!)

๐ข ุชูุจููุงุช ZED SERVICES:
โ ุชุฃูุฏ ูู ุตุญุฉ ุจูุงูุงุชู ูุชุฌูุจ ุงูุชุฃุฎูุฑ
โ ุนูููุฉ ุขููุฉ ููุดูุฑุฉ ุจุงููุงูู
โ ุฏุนู ููุฑู ุนูุฏ ุงูุทูุจ

๐ฎ ูุง ุชูุชุธุฑ! ุฃุฑุณู ุทูุจู ุงูุขู ูุงุจุฏุฃ ุงููุนุจ ุฎูุงู ูุตู ุณุงุนุฉ!"
ROCKET LEAGUE ุฑูููุช ููุบ,,500 CREDITS,1450,
ROCKET LEAGUE ุฑูููุช ููุบ,,1100 CREDITS,1850,
ROCKET LEAGUE ุฑูููุช ููุบ,,3000 CREDITS,4100,
ROCKET LEAGUE ุฑูููุช ููุบ,,6500 CREDITS,8000,
ROCKET LEAGUE ุฑูููุช ููุบ,,ROOKIE PACK,500,
ROCKET LEAGUE ุฑูููุช ููุบ,,ELITE PACK,1850,"๐  ุฑุตูุฏ Rocket League ูู ZED SERVICES
โฝ ูููุฐ ุนูููุฉ ุงู ูุจุงุดุฑุฉ ุนูู ุญุณุงุจู ุงูุดุฎุตู

๐ ุงููุชุทูุจุงุช:
โ ูุนูุ ุชุญุชุงุฌ ูุดุงุฑูุฉ ุจูุงูุงุช ุญุณุงุจ EPIC GAMES
โ ูุถูู ุฃูุงู ูุนูููุงุชู ุจูุณุจุฉ 100%

โณ ูุฏุฉ ุงูุชุณููู:
15-30 ุฏูููุฉ ููุท (ุฃุณุฑุน ุฎุฏูุฉ ูู ุงูุณูู)

๐ ุชูุจููุงุช ูุงูุฉ ูู ZED SERVICES:
โข ูุฑูู ุฏุนู ููู ูุชุงุญ 24/7
โข ุงูุฏูุฉ ูู ุงููุนูููุงุช ุชุถูู ูุง ููุฑููุง
โข ุนูููุฉ ุขููุฉ ูุณุฑูุนุฉ ุจุฏูู ุชุนููุฏุงุช

๐ฌ ุฑุงุณููุง ุงูุขู ูุงุญุตู ุนูู ุฑุตูุฏู ุฎูุงู ูุตู ุณุงุนุฉ!"
DISCORD NITRO ุฏูุณููุฑุฏ ููุชุฑู,,BASIC 1 MOIS,800,
DISCORD NITRO ุฏูุณููุฑุฏ ููุชุฑู,,PREMIUM/GAMING + 2 SERVER BOOSTS 1 MOIS,1300,
DISCORD NITRO ุฏูุณููุฑุฏ ููุชุฑู,,BASIC 12 MOIS,4250,
DISCORD NITRO ุฏูุณููุฑุฏ ููุชุฑู,,PREMIUM/GAMING + 2 SERVER BOOSTS 12 MOIS,8300,"๐ Discord Nitro ูู ZED SERVICES - ุชุฌุฑุจุฉ ุฏูุณููุฑุฏ ูููุฒุฉ!

โจ **ุงููููุฒุงุช ุงูุชู ุชุญุตู ุนูููุง:**  
โ ุจุซ ููุฏูู ุจุฏูุฉ 4K ูุตูุช ุนุงูู ุงูุฌูุฏุฉ  
โ ุฅูููุฌูุงุช ูุชุญุฑูุฉ ุญุตุฑูุฉ  
โ ุฑูุน ุญุฌู ุงููููุงุช ุฅูู 100MB  
โ ุดุงุฑุฉ Nitro ุงููููุฒุฉ ูุญุณุงุจู  

โกูุฏุฉ ุงูุชูุนูู: 
15-30 ุฏูููุฉ ููุท ุจุนุฏ ุชุฃููุฏ ุงูุทูุจ  

๐ ุทุฑููุฉ ุงูุชูุนูู:
โข ูููุฐ ุงูุชูุนูู ูุจุงุดุฑุฉ ุนูู ุญุณุงุจู  
โข ุนูููุฉ ุขููุฉ ูุณุฑูุนุฉ 100%  

๐ ุฎูุงุฑุงุช ุงูุงุดุชุฑุงู:
1 ุดูุฑ | 12 ุดูุฑ (ููุฑ ูุน ุงูุจุงูุฉ ุงูุณูููุฉ)  

๐ก ุงููุฑู ุจูู Nitro ูBasic: 
Nitro: ูู ุงููููุฒุงุช + Boost ููุณูุฑูุฑุงุช  
Basic: ุงูุฅูููุฌูุงุช ูุญุฌู ุงููููุงุช ููุท  

๐ฑ ูุชููุฑ ุนูู ุฌููุน ุงูุฃุฌูุฒุฉ:  
ูููุฏูุฒุ ูุงูุ ุฃูุฏุฑููุฏุ ุขููููุ ูุงููุชุตูุญุงุช  

๐ฌ ZED SERVICES ุชุถูู ูู: 
โข ุชูุนูู ููุฑู ูุขูู  
โข ุฏุนู ููู ูุชุงุญ 24/7  
โข ุฃุณุนุงุฑ ุชูุงูุณูุฉ ูุง ุชูุจู ุงูููุงูุณุฉ  "
DISCORD EFFECTS ุฏูุณููุฑุฏ ุงูููุชุณ,,SPECIAL PACKS (13$/16$),1800,
DISCORD EFFECTS ุฏูุณููุฑุฏ ุงูููุชุณ,,PROFILE DECORATION (4.99/5.99),1000,
DISCORD EFFECTS ุฏูุณููุฑุฏ ุงูููุชุณ,,PROFILE EFFECT/BUNDLE(8.99/10.99),1250,"๐ Discord Decorations ูู ZED SERVICES โ ุฃุถู ููุณุฉ ูุงุฎุฑุฉ ูุญุณุงุจู!

โจ ูุง ุงูุฐู ุชุญุตู ุนูููุ
โ ุฅุทุงุฑุงุช ุจุฑููุงูู ูููุฒุฉ (ุซุงุจุชุฉ ููุชุญุฑูุฉ)
โ ุดุงุฑุงุช ุญุตุฑูุฉ ุชุนุฒุฒ ููุงูุชู ูู ุงูุณูุฑูุฑุงุช
โ ุฎูููุงุช ูุชุญุฑูุฉ ุชุฌุนู ุจุฑููุงููู ุฃูุซุฑ ุฌุงุฐุจูุฉ
โ ุซููุงุช ูุชูุณููุงุช ูุฑูุฏุฉ ุชุจุฑุฒ ุดุฎุตูุชู

โก ูุฏุฉ ุงูุชูุนูู:
15-30 ุฏูููุฉ ููุท! โ ุฃุณุฑุน ุฎุฏูุฉ ูู ุงูุณูู.

๐ ููู ูุชู ุงูุชูุนููุ

ุฃุฑุณู ุญุณุงุจู ุฅูููุง.

ูููู ุจุชุทุจูู ุงูุฏูููุฑุงุช ูุจุงุดุฑุฉ.

ุงุณุชูุชุน ุจุญุณุงุจ ูููุฒ ูู ุฏูุงุฆู!

๐จ ุฃููุงุน ุงูุฏูููุฑุงุช ุงููุชุงุญุฉ:

ุฎูููุงุช ูุชุญุฑูุฉ & ุซุงุจุชุฉ ๐ผ๏ธ

ุดุงุฑุงุช VIP & ุฅูุฌุงุฒุงุช ๐

ุฅุทุงุฑุงุช ุจุฑููุงูู ูุฎุตุตุฉ โจ

ุญุฑูุงุช ูุชุฃุซูุฑุงุช ุฏุงุฎููุฉ ๐ญ

๐ ุงููุฏุฉ:
โ ูุนุธู ุงูุฏูููุฑุงุช ุฏุงุฆูุฉ! (ุจุนุถูุง ููุณูู โ ููุถุญ ุฐูู ุนูุฏ ุงูุทูุจ).

๐ฑ ุชุนูู ุนูู ุฌููุน ุงูุฃุฌูุฒุฉ:
๐ป ูููุฏูุฒ / ูุงู | ๐ฑ ุฃูุฏุฑููุฏ / ุขูููู | ๐ ุงููุชุตูุญุงุช

๐น ZED SERVICES ุชุถูู ูู:
โ ุชูุนูู ููุฑู ูุขูู.
โ ุฏุนู ููู ุณุฑูุน 24/7.
โ ุฃุณุนุงุฑ ุชูุงูุณูุฉ ูุฌูุฏุฉ ูุถูููุฉ.

๐ฌ ุงุทูุจ ุงูุขู ูุญุณูู ูุธูุฑ ุญุณุงุจู ูู ุฏูุงุฆู!"
CHESS ุดุทุฑูุฌ,,DIAMOND 1 MOIS,900,
CHESS ุดุทุฑูุฌ,,DIAMOND 12 MOIS,2700,
CHESS ุดุทุฑูุฌ,,PLATINUM 1 MOIS,700,
CHESS ุดุทุฑูุฌ,,PLATINUM 12 MOIS ,1950,
CHESS ุดุทุฑูุฌ,,GOLD 1 MOIS,500,
CHESS ุดุทุฑูุฌ,,GOLD 12 MOIS,1400,"โ๏ธ ุงุดุชุฑุงู Chess.com ุงููููุฒ ูู ZED SERVICES โ ุงุฑุชูู ุจูุนุจุชู!

โจ ููุงุฐุง ุชุดุชุฑูุ
โ ุชุญูููุงุช ูุชูุฏูุฉ ูููู ุฃุฎุทุงุฆู ูุชุญุณูู ุงุณุชุฑุงุชูุฌูุชู
โ ุฏูุฑุงุช ุชุฏุฑูุจูุฉ ุญุตุฑูุฉ ูุน ูุญุชุฑููู ุนุงููููู
โ ุฏุฎูู ุจุทููุงุช VIP ูุชุญุฏูุงุช ูุฌุฒูุฉ
โ ูุง ุญุฏูุฏ ููุนุจ ุถุฏ ุฃู ุฎุตู ุญูู ุงูุนุงูู

โก ูุฏุฉ ุงูุชูุนูู:
15-30 ุฏูููุฉ ููุท! โ ุฃุณุฑุน ุชูุนูู ูู ุงูุณูู.

๐ ููููุฉ ุงูุชูุนูู:

ุฃุฑุณู ููุง ุจูุงูุงุช ุญุณุงุจู.

ูููู ุจุงูุชูุนูู ุงูููุฑู.

ุงุณุชูุชุน ุจุงููุฒุงูุง ุงูุฌุฏูุฏุฉ ููุฑูุง!

๐ ุงูุจุงูุงุช ุงููุชุงุญุฉ:

๐ Gold:
โ ุชุญูููุงุช ุฃุณุงุณูุฉ
โ ูุนุจ ุบูุฑ ูุญุฏูุฏ
โ ุณุนุฑ ููุงุณุจ ูููุจุชุฏุฆูู

๐ Platinum:
โ ูู ููุฒุงุช Gold +
โ ุชุญููู ูุชุนูู ูููุจุงุฑูุงุช
โ ุฏุฑูุณ ุดุฎุตูุฉ ูุชุญุณูู ุงูุฃุฏุงุก

๐ Diamond (ุงูููุชุงุฒุฉ):
โ ูู ููุฒุงุช Platinum +
โ ุฏูุฑุงุช ุชุฏุฑูุจูุฉ ุดุงููุฉ
โ ูุดุงุฑูุฉ ูู ุจุทููุงุช ุญุตุฑูุฉ
โ ุฌูุณุงุช ุชุฏุฑูุจ ูุฑุฏูุฉ ูุน ุฎุจุฑุงุก

๐ ุงููุฏุฉ:
1 ุดูุฑ | 3 ุฃุดูุฑ | 6 ุฃุดูุฑ | 12 ุดูุฑ (ููุฑ ูุน ุงูุงุดุชุฑุงูุงุช ุงูุทูููุฉ)

๐ฑ ูุชููุฑ ุนูู:
๐ป ููุจููุชุฑ | ๐ฑ ููุจุงูู | ๐ ุงููุชุตูุญ

๐น ZED SERVICES ุชุถูู ูู:
โ ุชูุนูู ุขูู ูุณุฑูุน.
โ ุฏุนู ููู ุนูู ูุฏุงุฑ ุงูุณุงุนุฉ.
โ ุฃุณุนุงุฑ ุชูุงูุณูุฉ ุจุฌูุฏุฉ ูุง ูุซูู ููุง.

๐ฌ ุงุฑุชูู ุจูุณุชูุงู ูู ุงูุดุทุฑูุฌ ุงูููู!"
YOUTUBE PREMIUM ููุชููุจ ุจุฑููููู,,1 PERSONNE 1 MOIS,700,
YOUTUBE PREMIUM ููุชููุจ ุจุฑููููู,,5 PERSONNES 1 MOIS,1150,"๐ฌ YouTube Premium ูู ZED SERVICES โ ุชุฌุฑุจุฉ ูุดุงูุฏุฉ ุจูุง ุญุฏูุฏ!

โจ ุงููููุฒุงุช ุงูุญุตุฑูุฉ:
โ ูุดุงูุฏุฉ ุจุฏูู ุฅุนูุงูุงุช โ ุงุณุชูุชุน ุจูุญุชูู ุบูุฑ ูููุทุน
โ ุชูุฒูู ุงูููุฏูููุงุช โ ุดุงูุฏูุง ูุงุญููุง ุจุฏูู ุฅูุชุฑูุช
โ ูุดูู YouTube Music โ ุขูุงู ุงูุฃุบุงูู ูุงูุจูุฏูุงุณุช
โ ุฎูููุฉ ุงูุชุดุบูู โ ุงุณุชูุน ุฅูู ุงูููุณููู ูุน ุฅุบูุงู ุงูุชุทุจูู

โก ูุฏุฉ ุงูุชูุนูู:
15-30 ุฏูููุฉ ููุท! โ ุฃุณุฑุน ุชูุนูู ูู ุงูุณูู.

๐ ุทุฑููุฉ ุงูุชูุนูู:

ุฃุฑุณู ููุง ุญุณุงุจู.

ูููู ุจุงูุชุญุฏูุซ ุงููุจุงุดุฑ.

ุงุณุชูุชุน ุจุงููุฒุงูุง ููุฑูุง!

๐ ุฎูุงุฑุงุช ุงูุงุดุชุฑุงู:
ุดูุฑ ูุงุญุฏ (ูุชุฌุฏุฏ ุชููุงุฆููุง)

๐ฑ ูุนูู ุนูู ุฌููุน ุงูุฃุฌูุฒุฉ:
๐ป ููุจููุชุฑ | ๐ฑ ูุงุชู | ๐ ุงููุชุตูุญ

๐น ZED SERVICES ุชุถูู ูู:
โ ุชูุนูู ููุฑู ูุขูู
โ ุฏุนู ููู ูุชุงุญ 24/7
โ ุฃุณุนุงุฑ ุชูุงูุณูุฉ ุจุฌูุฏุฉ ุนุงููุฉ

๐ฌ ุงุดุชุฑู ุงูุขู ูุญููู ุชุฌุฑุจุฉ ููุชููุจ ุงูุฎุงุตุฉ ุจู!"
CRUNCHYROLL ูุฑุงูุดู ุฑูู, FAN(1 ECRAN),1 MOIS,700,
CRUNCHYROLL ูุฑุงูุดู ุฑูู, FAN(1 ECRAN),3 MOIS,1500,
CRUNCHYROLL ูุฑุงูุดู ุฑูู, FAN(1 ECRAN),12 MOIS,3750,
CRUNCHYROLL ูุฑุงูุดู ุฑูู,MEGA FAN(5 ECRANS),1 MOIS,1350,
CRUNCHYROLL ูุฑุงูุดู ุฑูู,MEGA FAN(5 ECRANS),12 MOIS,6300,
CRUNCHYROLL ูุฑุงูุดู ุฑูู,MEGA FAN(1 ECRANS),1 MOIS,500,
CRUNCHYROLL ูุฑุงูุดู ุฑูู,MEGA FAN(2 ECRANS),1 MOIS,800,
CRUNCHYROLL ูุฑุงูุดู ุฑูู,MEGA FAN(3 ECRANS),1 MOIS,1150,"ุจุนุฏ ุงูุดุฑุงุก ๐โจ ุณุชุญุตู ุนูู ููุฏ (ููุชุงุญ) ุชุณุชุฎุฏูู ูู ูุฐุง ุงูุจูุช ๐ค๐
https://t.me/MVSERVICEBOT

๐ฒ ูู ุฎูุงู ูุฐุง ุงูููุชุงุญุ ููููู ุงูุญุตูู ุนูู ุญุณุงุจู ุจุณูููุฉ ๐
โณ ุตูุงุญูุฉ ุงูููุชุงุญ ุชุณุชูุฑ ุญุชู ููุงูุฉ ูุฏุฉ ุงูุงุดุชุฑุงู ุงูุชู ุงุดุชุฑูุชูุง ๐๏ธ
โป๏ธ ูููููู ุชุฌุฏูุฏู ูู ููุณ ุงูุญุณุงุจ ุจูู ุจุณุงุทุฉ ๐

๐ก๏ธ ุชุญุตู ุนูู ุถูุงู ูุงูู ุทูุงู ูุชุฑุฉ ุงุดุชุฑุงูู ๐ฏ๐ฅ

๐ซ ููุน ูุธุงู ุงูุฎุฏูุฉ ุงูุฐุงุชูุฉ ๐งโจ
ููููู ุงุณุชุฎุฏุงู ููุชุงุญู ูู ุฃู ููุช โฐ
ุฏูู ุงูุญุงุฌุฉ ููุชูุงุตู ูุน ุฃู ููุธู ๐โโ๏ธ๐ฌ

โก ูุฐุง ูุนูู ุฃู ุชุฌุฑุจุชู ุณุชููู ุฃุณูุณ ูุง ูููู ๐
ู ุฃูุซุฑ ุณูุงุณุฉ ูู ุฃู ููุช ูุถู! ๐๐

๐ฅ ุฎุฏูุฉ ุณุฑูุนุฉ โก ููุซููุฉ โ ูุณููุฉ ุงูุงุณุชุฎุฏุงู ๐ซ"
SNAPCHAT PLUS ุณูุงุจ ุดุงุช ุจูุณ,,1 MOIS,700,
SNAPCHAT PLUS ุณูุงุจ ุดุงุช ุจูุณ,,12 MOIS,2500,"โจ Snapchat+ ูู ZED SERVICES - ูููุฒุงุช ุญุตุฑูุฉ ูุชุฌุฑุจุฉ ูุฑูุฏุฉ!

๐ ูุง ุงูุฐู ุชุญุตู ุนููู ูุน Snapchat+ุ
โ ุฑุคูุฉ ุฒูุงุฑ ุงูุจุฑููุงูู - ุชุนุฑู ุนูู ูู ุดุงูุฏู!
โ ููุงุชุฑ ูุฃุฏูุงุช ุญุตุฑูุฉ - ุชูููุฒ ุณูุงุจุงุชู ุนู ุงูุขุฎุฑูู
โ ุชุฎุตูุต ูุงูู ููุชุทุจูู - ุฃููููุงุชุ ููุงุถูุนุ ูุฃูุซุฑ!
โ ุฃุฏูุงุช ุงุญุชุฑุงููุฉ ูุฅุฏุงุฑุฉ ุญุณุงุจู ุจุดูู ุฃูุถู

โก ุณุฑุนุฉ ุงูุชูุนูู:
15-30 ุฏูููุฉ ููุท! - ุฃุณุฑุน ุฎุฏูุฉ ูู ุงูุณูู.

๐ ุทุฑููุฉ ุงูุชูุนูู ุงูุขููุฉ:
ุฃุฑุณู ุจูุงูุงุช ุญุณุงุจู ููุง

ูููู ุจุงูุชูุนูู ุงููุจุงุดุฑ

ุงุณุชูุชุน ุจุงููุฒุงูุง ููุฑุงู!

๐ ุฎูุงุฑุงุช ุงูุงุดุชุฑุงู:
1 ุดูุฑ

12 ุดูุฑ (ููุฑ ูุน ุงูุงุดุชุฑุงู ุงูุณููู)

๐ฑ ูุชููุฑ ุนูู ุฌููุน ุงูุฃุฌูุฒุฉ:
ูุงุชู | ููุจููุชุฑ | ูุชุตูุญ

๐ ููุงุฐุง ุชุฎุชุงุฑ ZED SERVICESุ
โ ุชูุนูู ููุฑู ูุขูู
โ ุฏุนู ููู ูุชุงุญ 24/7
โ ุฃุณุนุงุฑ ุชูุงูุณูุฉ ุจุฌูุฏุฉ ุนุงููุฉ

๐ฅ ุงูุทูู ูู ุชุฌุฑุจุฉ Snapchat ุงููููุฒุฉ ุงูููู!"
NETFLIX ูุชููููุณ, 1 ECRAN ,1 MOIS,700,
NETFLIX ูุชููููุณ, 5 ECRANS ,1 MOIS,2800,"ุจุนุฏ ุงูุดุฑุงุก ๐โจ ุณุชุญุตู ุนูู ููุฏ (ููุชุงุญ) ุชุณุชุฎุฏูู ูู ูุฐุง ุงูุจูุช ๐ค๐
https://t.me/MVSERVICEBOT

๐ฒ ูู ุฎูุงู ูุฐุง ุงูููุชุงุญุ ููููู ุงูุญุตูู ุนูู ุญุณุงุจู ุจุณูููุฉ ๐
โณ ุตูุงุญูุฉ ุงูููุชุงุญ ุชุณุชูุฑ ุญุชู ููุงูุฉ ูุฏุฉ ุงูุงุดุชุฑุงู ุงูุชู ุงุดุชุฑูุชูุง ๐๏ธ
โป๏ธ ูููููู ุชุฌุฏูุฏู ูู ููุณ ุงูุญุณุงุจ ุจูู ุจุณุงุทุฉ ๐

๐ก๏ธ ุชุญุตู ุนูู ุถูุงู ูุงูู ุทูุงู ูุชุฑุฉ ุงุดุชุฑุงูู ๐ฏ๐ฅ

๐ซ ููุน ูุธุงู ุงูุฎุฏูุฉ ุงูุฐุงุชูุฉ ๐งโจ
ููููู ุงุณุชุฎุฏุงู ููุชุงุญู ูู ุฃู ููุช โฐ
ุฏูู ุงูุญุงุฌุฉ ููุชูุงุตู ูุน ุฃู ููุธู ๐โโ๏ธ๐ฌ

โก ูุฐุง ูุนูู ุฃู ุชุฌุฑุจุชู ุณุชููู ุฃุณูุณ ูุง ูููู ๐
ู ุฃูุซุฑ ุณูุงุณุฉ ูู ุฃู ููุช ูุถู! ๐๐

๐ฅ ุฎุฏูุฉ ุณุฑูุนุฉ โก ููุซููุฉ โ ูุณููุฉ ุงูุงุณุชุฎุฏุงู ๐ซ"

GTA 5 GTA V RP FIVEM,,,1000,"๐ฎ ูุง ูู FiveMุ

FiveM ูู ููุตูุฉ ูุนุจ ูุฎุตูุตุฉ ูู GTA V ุนูู ุงูููุจููุชุฑ ุชุณูุญ ูู ุจุงูุฏุฎูู ุฅูู ุณูุฑูุฑุงุช ุฎุงุตุฉ ูููุง ุฃููุงุท ูุนุจ ูุฎุชููุฉ ููููุง ุนู GTA Online.

๐ฅ ููุงุฐุง ุงูุฌููุฑุฒ ูุญุจููู FiveMุ

Roleplay ุญูููู: ุดุฑุทุฉุ ุนุตุงุจุงุชุ ุฅุณุนุงูุ ูุญุงููุ ุจุฒูุณโฆ ุชุฌุฑุจุฉ ูุงูุนูุฉ
""
ุณูุฑูุฑุงุช ูุฎุตูุตุฉ: ุณูุงุฑุงุชุ ุฎุฑุงุฆุทุ ูุธุงุฆูุ ุฃุณูุญุฉุ ูุงุฌูุงุชโูู ุดูุก ูุนุฏู

ุฃุฏุงุก ุฃูุถู: ูุงุบ ุฃูู ูุชุฌุฑุจุฉ ุฃูุธู ูู ุงูุฑููุงุช ุงูุนุงูุฉ

ูุฌุชูุน ููุธู: ุฅุฏุงุฑุฉ ูุนูุงูุฉุ ููุงููู ุตุงุฑูุฉุ ูุฃุญุฏุงุซ ูุณุชูุฑุฉ

๐ฅ๏ธ ูุงุฐุง ุชุญุชุงุฌ ููุนุจุ
""
ูุณุฎุฉ ุฃุตููุฉ ูู GTA V (PC)

ุฅูุชุฑูุช ูุณุชูุฑ

ุชุญููู ุจุฑูุงูุฌ FiveM (ูุฌุงูู)

โ ูู FiveM ุขููุ
""
ูุนู. FiveM ูุนูู ุจุดูู ูููุตู ุนู GTA Onlineุ ููู ุชุชุนุฑูุถ ููุญุธุฑ ุทุงููุง ุชูุชุฒู ุจุงูููุงููู.

๐ ููู FiveMุ

ุนุดูุงู ุงูู Roleplay

ุงูุณุชุฑููุฑุฒ ูุตููุงุน ุงููุญุชูู

ูุงุนุจูู ููููุง ูู ุงูููุถู ูู GTA Online"

PRIME VIDEO ุจุฑุงูู ููุฏูู, 1 ECRAN ,1 MOIS,600,
PRIME VIDEO ุจุฑุงูู ููุฏูู, 2 ECRAN ,1 MOIS,1100,
PRIME VIDEO ุจุฑุงูู ููุฏูู, 3 ECRAN ,1 MOIS,1500,"ุจุนุฏ ุงูุดุฑุงุก ๐โจ ุณุชุญุตู ุนูู ููุฏ (ููุชุงุญ) ุชุณุชุฎุฏูู ูู ูุฐุง ุงูุจูุช ๐ค๐
https://t.me/MVSERVICEBOT

๐ฒ ูู ุฎูุงู ูุฐุง ุงูููุชุงุญุ ููููู ุงูุญุตูู ุนูู ุญุณุงุจู ุจุณูููุฉ ๐
โณ ุตูุงุญูุฉ ุงูููุชุงุญ ุชุณุชูุฑ ุญุชู ููุงูุฉ ูุฏุฉ ุงูุงุดุชุฑุงู ุงูุชู ุงุดุชุฑูุชูุง ๐๏ธ
โป๏ธ ูููููู ุชุฌุฏูุฏู ูู ููุณ ุงูุญุณุงุจ ุจูู ุจุณุงุทุฉ ๐

๐ก๏ธ ุชุญุตู ุนูู ุถูุงู ูุงูู ุทูุงู ูุชุฑุฉ ุงุดุชุฑุงูู ๐ฏ๐ฅ

๐ซ ููุน ูุธุงู ุงูุฎุฏูุฉ ุงูุฐุงุชูุฉ ๐งโจ
ููููู ุงุณุชุฎุฏุงู ููุชุงุญู ูู ุฃู ููุช โฐ
ุฏูู ุงูุญุงุฌุฉ ููุชูุงุตู ูุน ุฃู ููุธู ๐โโ๏ธ๐ฌ

โก ูุฐุง ูุนูู ุฃู ุชุฌุฑุจุชู ุณุชููู ุฃุณูุณ ูุง ูููู ๐
ู ุฃูุซุฑ ุณูุงุณุฉ ูู ุฃู ููุช ูุถู! ๐๐

๐ฅ ุฎุฏูุฉ ุณุฑูุนุฉ โก ููุซููุฉ โ ูุณููุฉ ุงูุงุณุชุฎุฏุงู ๐ซ"
SPOTIFY ุณุจูุชููุงู,,Premium 1 MOIS,700,"๐ต Spotify Premium ูู ZED SERVICES - ููุณููู ุจูุง ุญุฏูุฏ!

โก ุณุฑุนุฉ ุงูุชูุนูู
15-30 ุฏูููุฉ ููุท! - ุฃุณุฑุน ุฎุฏูุฉ ูู ุงูุณูู.

๐ ุทุฑููุชูุง ุงูุขููุฉ:
ุงุฎุชุฑ: ุชูุนูู ุนูู ุญุณุงุจู ุฃู ุญุณุงุจ ุฌุฏูุฏ ูุฑุณูู ูู

ูููู ุจุงูุชูููุฐ ููุฑุงู

ุงุจุฏุฃ ุงูุงุณุชูุงุน ูุจุงุดุฑุฉ!

๐ฑ ูุนูู ุนูู ูู ุงูุฃุฌูุฒุฉ:
ูุงุชู | ููุจููุชุฑ | ุชุงุจูุช | ูุชุตูุญ

ุจุนุฏ ุงูุฏูุน ุงุฑุณู ุญุณุงุจู

๐ ููุงุฐุง ZED SERVICESุ
โ ุชูุนูู ููุฑู ูุขูู
โ ุฏุนู ููู ูุชูุงุตู 24/7
โ ุฃุณุนุงุฑ ุชูุงูุณูุฉ ุจุฌูุฏุฉ ูุถูููุฉ

๐ง ุบููุฑ ุทุฑููุฉ ุงุณุชูุงุนู ููููุณููู ุงูููู!"
LEAGUE OF LEGENDS RP ููุบ ุงูู ููุฌูุฏุฒ,575,,1550,
LEAGUE OF LEGENDS RP ููุบ ุงูู ููุฌูุฏุฒ,3190,,6850,
LEAGUE OF LEGENDS RP ููุบ ุงูู ููุฌูุฏุฒ,4500,,9450,
LEAGUE OF LEGENDS RP ููุบ ุงูู ููุฌูุฏุฒ,6500,,13500,"๐ฎ  ุฑุตูุฏ League of Legends ูู ZED SERVICES - ุณุฑูุน ูุขูู!  

 ๐ ุฎุทูุงุช ุงู ุจุนุฏ ุงูุดุฑุงุก:  
1. ุงุณุชูุงู ุงูููุฏ: ุณูุตูู ููุฏ Riot PIN ููุฑูุง ุจุนุฏ ุงูุดุฑุงุก.  
2. ุงูุชุญ ุงููุนุจุฉ: ุณุฌูู ุงูุฏุฎูู ุฅูู ุญุณุงุจู ูู LoL.  
3. ุงุฏุฎู ุฅูู ุงููุชุฌุฑ: ุงุถุบุท ุนูู ุฃููููุฉ ""ุงูุตูุฏูู"" โ ""ุดุฑุงุก RP"".  
4. ุงุฎุชุฑ ุทุฑููุฉ ุงูุฏูุน: ุญุฏุฏ ""ุจุทุงูุงุช ูุฏููุนุฉ ูุณุจููุง (Prepaid Cards)"".  
5. ุฃุฏุฎู ุงูููุฏ: ุงูุชุจ ุงูููุฏ ุงูุฐู ุงุณุชููุชู ูุงุถุบุท ""ุชุฃููุฏ (Submit)"".  
6. ุชู ุงู! ุงูุฑุตูุฏ ุณูุถุงู ูุญุณุงุจู ุนูู ุงูููุฑ.  

 โก ูููุฒุงุช ุฎุฏูุชูุง:  
โ ุชุณููู ููุฑู - ูุง ุงูุชุธุงุฑ!  
โ ุฏุนู ููู ุณุฑูุน - ููุณุงุนุฏุชู ูู ุฃู ุฎุทูุฉ.  
โ ุฃุณุนุงุฑ ุชูุงูุณูุฉ - ุฃูุถู ุนุฑูุถ RP ูู ุงูุณูู.  

๐ฌ ุฌุงูุฒ ูุชุนุฒูุฒ ุญุณุงุจูุ ๐ ุงุทูุจ ุงูุขู ูู ZED SERVICES!  
"
 MARVEL RIVALS ูุงุฑูู ุฑุงูููุฒ,100 Lattices,,500,
 MARVEL RIVALS ูุงุฑูู ุฑุงูููุฒ,500 Lattices,,1500,
 MARVEL RIVALS ูุงุฑูู ุฑุงูููุฒ,1000 Lattices,,2700,
 MARVEL RIVALS ูุงุฑูู ุฑุงูููุฒ,2180 Lattices,,5050,
 MARVEL RIVALS ูุงุฑูู ุฑุงูููุฒ,5680 Lattices,,11950,
 MARVEL RIVALS ูุงุฑูู ุฑุงูููุฒ,11680 Lattices,,22800,"โก MARVEL RIVALS! ุฃุณุฑุน   ูู - ZED SERVICES
๐ณ ID ูุดุชุฑู ูู ูุจุงุดุฑุฉ ุนูู ุญุณุงุจู ุฎูุงู ุฏูุงุฆู! ุจุงุณุชุนูุงู ุงู

โณ ุงูุชุณููู ุฎูุงู:
15-30 ุฏูููุฉ โฑ๏ธ (ุฃุณุฑุน ูู ุงูููุงูุณูู!)

๐ข ุชูุจููุงุช ZED SERVICES:
โ ุชุฃูุฏ ูู ุตุญุฉ ุจูุงูุงุชู ูุชุฌูุจ ุงูุชุฃุฎูุฑ
โ ุนูููุฉ ุขููุฉ ููุดูุฑุฉ ุจุงููุงูู
โ ุฏุนู ููุฑู ุนูุฏ ุงูุทูุจ

๐ฎ ูุง ุชูุชุธุฑ! ุฃุฑุณู ุทูุจู ุงูุขู ูุงุจุฏุฃ ุงููุนุจ ุฎูุงู ูุตู ุณุงุนุฉ!"
GENSHIN IMPACT ุบููุดูู ุงูุจุงูุช,BLESSING OF THE WELKIN MOON/PASS(3000 PRIMOGEMS TOTAL),,1450,
GENSHIN IMPACT ุบููุดูู ุงูุจุงูุช,60 PRIMO GEMS/ 120(ูู ุญุงูุฉ ุงู ูููุฑุฉ ุงูุฃููู),,300,
GENSHIN IMPACT ุบููุดูู ุงูุจุงูุช,330 PRIMO GEMS/600(ูู ุญุงูุฉ ุงู ูููุฑุฉ ุงูุฃููู),,1200,
GENSHIN IMPACT ุบููุดูู ุงูุจุงูุช,1090 PRIMO GEMS/ 1960(ูู ุญุงูุฉ ุงู ูููุฑุฉ ุงูุฃููู),,3200,
GENSHIN IMPACT ุบููุดูู ุงูุจุงูุช,2240 PRIMO GEMS/ 2960(ูู ุญุงูุฉ ุงู ูููุฑุฉ ุงูุฃููู),,7300,
GENSHIN IMPACT ุบููุดูู ุงูุจุงูุช,3880 PRIMO GEMS/ 6560(ูู ุญุงูุฉ ุงู ูููุฑุฉ ุงูุฃููู),,10800,"โก GENSHIN IMPACT! ุฃุณุฑุน   ูู - ZED SERVICES
๐ณ ID ูุดุชุฑู ูู ูุจุงุดุฑุฉ ุนูู ุญุณุงุจู ุฎูุงู ุฏูุงุฆู! ุจุงุณุชุนูุงู ุงู

โณ ุงูุชุณููู ุฎูุงู:
15-30 ุฏูููุฉ โฑ๏ธ (ุฃุณุฑุน ูู ุงูููุงูุณูู!)

๐ข ุชูุจููุงุช ZED SERVICES:
โ ุชุฃูุฏ ูู ุตุญุฉ ุจูุงูุงุชู ูุชุฌูุจ ุงูุชุฃุฎูุฑ
โ ุนูููุฉ ุขููุฉ ููุดูุฑุฉ ุจุงููุงูู
โ ุฏุนู ููุฑู ุนูุฏ ุงูุทูุจ

๐ฎ ูุง ุชูุชุธุฑ! ุฃุฑุณู ุทูุจู ุงูุขู ูุงุจุฏุฃ ุงููุนุจ ุฎูุงู ูุตู ุณุงุนุฉ!"
BRAWL STARS ุจุฑุงูู ุณุชุงุฑุฒ,BRAWL PASS,,1300,
BRAWL STARS ุจุฑุงูู ุณุชุงุฑุฒ,BRAWL PASS PLUS,,1600,
BRAWL STARS ุจุฑุงูู ุณุชุงุฑุฒ,PRO PASS,,3700,
BRAWL STARS ุจุฑุงูู ุณุชุงุฑุฒ,1100 POWER POINTS,,800,
BRAWL STARS ุจุฑุงูู ุณุชุงุฑุฒ,3300 POWER POINTS,,1600,
BRAWL STARS ุจุฑุงูู ุณุชุงุฑุฒ,2200 COINS,,800,
BRAWL STARS ุจุฑุงูู ุณุชุงุฑุฒ,6600 COINS,,1600,
BRAWL STARS ุจุฑุงูู ุณุชุงุฑุฒ,33 GEMS,,500,
BRAWL STARS ุจุฑุงูู ุณุชุงุฑุฒ,88 GEMS,,1000,
BRAWL STARS ุจุฑุงูู ุณุชุงุฑุฒ,187 GEMS,,1600,
BRAWL STARS ุจุฑุงูู ุณุชุงุฑุฒ,396 GEMS,,3150,
BRAWL STARS ุจุฑุงูู ุณุชุงุฑุฒ,1045 GEMS,,6300,
BRAWL STARS ุจุฑุงูู ุณุชุงุฑุฒ,2200 GEMS,,13800,"โก BRAWL STARS! ุฃุณุฑุน   ูู - ZED SERVICES
๐ณID ูุดุชุฑู ูู ูุจุงุดุฑุฉ ุนูู ุญุณุงุจู ุฎูุงู ุฏูุงุฆู! ุจุงุณุชุนูุงู ุงู

โณ ุงูุชุณููู ุฎูุงู:
15-30 ุฏูููุฉ โฑ๏ธ (ุฃุณุฑุน ูู ุงูููุงูุณูู!)

๐ข ุชูุจููุงุช ZED SERVICES:
โ ุชุฃูุฏ ูู ุตุญุฉ ุจูุงูุงุชู ูุชุฌูุจ ุงูุชุฃุฎูุฑ
โ ุนูููุฉ ุขููุฉ ููุดูุฑุฉ ุจุงููุงูู
โ ุฏุนู ููุฑู ุนูุฏ ุงูุทูุจ

๐ฎ ูุง ุชูุชุธุฑ! ุฃุฑุณู ุทูุจู ุงูุขู ูุงุจุฏุฃ ุงููุนุจ ุฎูุงู ูุตู ุณุงุนุฉ!"
CLASH OF CLANS ููุงุด ุงูู ููุงูุณ,EVENT PASS - ุชุฐูุฑุฉ ุงูุญุฏุซ,,1600,
CLASH OF CLANS ููุงุด ุงูู ููุงูุณ,GOLD PASS - ุงูุชุฐูุฑุฉ ุงูุฐูุจูุฉ,,2350,
CLASH OF CLANS ููุงุด ุงูู ููุงูุณ,80 GEMS,,500,
CLASH OF CLANS ููุงุด ุงูู ููุงูุณ,500 GEMS,,1600,
CLASH OF CLANS ููุงุด ุงูู ููุงูุณ,1200 GEMS,,3150,
CLASH OF CLANS ููุงุด ุงูู ููุงูุณ,2500 GEMS,,6300,
CLASH OF CLANS ููุงุด ุงูู ููุงูุณ,6500 GEMS,,13800,
CLASH OF CLANS ููุงุด ุงูู ููุงูุณ,14000 GEMS,,25300,"โก CLASH OF CLANS! ุฃุณุฑุน   ูู - ZED SERVICES
๐ณ ID ูุดุชุฑู ูู ูุจุงุดุฑุฉ ุนูู ุญุณุงุจู ุฎูุงู ุฏูุงุฆู! ุจุงุณุชุนูุงู ุงู

โณ ุงูุชุณููู ุฎูุงู:
15-30 ุฏูููุฉ โฑ๏ธ (ุฃุณุฑุน ูู ุงูููุงูุณูู!)

๐ข ุชูุจููุงุช ZED SERVICES:
โ ุชุฃูุฏ ูู ุตุญุฉ ุจูุงูุงุชู ูุชุฌูุจ ุงูุชุฃุฎูุฑ
โ ุนูููุฉ ุขููุฉ ููุดูุฑุฉ ุจุงููุงูู
โ ุฏุนู ููุฑู ุนูุฏ ุงูุทูุจ

๐ฎ ูุง ุชูุชุธุฑ! ุฃุฑุณู ุทูุจู ุงูุขู ูุงุจุฏุฃ ุงููุนุจ ุฎูุงู ูุตู ุณุงุนุฉ!"
CLASH ROYALE ููุงุด ุฑููุงู,DAILY OFFER,,1600,
CLASH ROYALE ููุงุด ุฑููุงู,DIAMOND PASS,,3650,
CLASH ROYALE ููุงุด ุฑููุงู,ROYAL STARTER PACK,,500,
CLASH ROYALE ููุงุด ุฑููุงู,80 GEMS,,500,
CLASH ROYALE ููุงุด ุฑููุงู,500 GEMS,,1600,
CLASH ROYALE ููุงุด ุฑููุงู,1200 GEMS,,3150,
CLASH ROYALE ููุงุด ุฑููุงู,2500 GEMS,,6300,
CLASH ROYALE ููุงุด ุฑููุงู,6500 GEMS,,13800,
CLASH ROYALE ููุงุด ุฑููุงู,14000 GEMS,,25300,"โก CLASH ROYAL! ุฃุณุฑุน   ูู - ZED SERVICES
๐ณ ID ูุดุชุฑู ูู ูุจุงุดุฑุฉ ุนูู ุญุณุงุจู ุฎูุงู ุฏูุงุฆู! ุจุงุณุชุนูุงู ุงู

โณ ุงูุชุณููู ุฎูุงู:
15-30 ุฏูููุฉ โฑ๏ธ (ุฃุณุฑุน ูู ุงูููุงูุณูู!)

๐ข ุชูุจููุงุช ZED SERVICES:
โ ุชุฃูุฏ ูู ุตุญุฉ ุจูุงูุงุชู ูุชุฌูุจ ุงูุชุฃุฎูุฑ
โ ุนูููุฉ ุขููุฉ ููุดูุฑุฉ ุจุงููุงูู
โ ุฏุนู ููุฑู ุนูุฏ ุงูุทูุจ

๐ฎ ูุง ุชูุชุธุฑ! ุฃุฑุณู ุทูุจู ุงูุขู ูุงุจุฏุฃ ุงููุนุจ ุฎูุงู ูุตู ุณุงุนุฉ!"
LORDS MOBILE ููุฑุฏุฒ ููุจุงูู,7D DIAMOND PASS 199 DIAMONDS + 30 DIAMOND * 7 JOURS (TOTAL 410),,900,
LORDS MOBILE ููุฑุฏุฒ ููุจุงูู,30D DIAMOND PASS 1999 DIAMONDS + 70 DIAMOND * 30 JOURS (TOTAL 4100),,5800,
LORDS MOBILE ููุฑุฏุฒ ููุจุงูู,99 DIAMONDS,,500,
LORDS MOBILE ููุฑุฏุฒ ููุจุงูู,199 DIAMONDS,,900,
LORDS MOBILE ููุฑุฏุฒ ููุจุงูู,499 DIAMONDS,,1600,
LORDS MOBILE ููุฑุฏุฒ ููุจุงูู,999 DIAMONDS,,3150,
LORDS MOBILE ููุฑุฏุฒ ููุจุงูู,1999 DIAMONDS,,5800,
LORDS MOBILE ููุฑุฏุฒ ููุจุงูู,2499 DIAMONDS,,6950,
LORDS MOBILE ููุฑุฏุฒ ููุจุงูู,2999 DIAMONDS,,8300,
LORDS MOBILE ููุฑุฏุฒ ููุจุงูู,3999 DIAMONDS,,11100,
LORDS MOBILE ููุฑุฏุฒ ููุจุงูู,4999 DIAMONDS,,13800,
LORDS MOBILE ููุฑุฏุฒ ููุจุงูู,9999 DIAMOND,,25500,
LORDS MOBILE ููุฑุฏุฒ ููุจุงูู,19999 DIAMOND,,50300,"โก LORDS MOBILE! ุฃุณุฑุน   ูู - ZED SERVICES
๐ณ ID ูุดุชุฑู ูู ูุจุงุดุฑุฉ ุนูู ุญุณุงุจู ุฎูุงู ุฏูุงุฆู! ุจุงุณุชุนูุงู ุงู

โณ ุงูุชุณููู ุฎูุงู:
15-30 ุฏูููุฉ โฑ๏ธ (ุฃุณุฑุน ูู ุงูููุงูุณูู!)

๐ข ุชูุจููุงุช ZED SERVICES:
โ ุชุฃูุฏ ูู ุตุญุฉ ุจูุงูุงุชู ูุชุฌูุจ ุงูุชุฃุฎูุฑ
โ ุนูููุฉ ุขููุฉ ููุดูุฑุฉ ุจุงููุงูู
โ ุฏุนู ููุฑู ุนูุฏ ุงูุทูุจ

๐ฎ ูุง ุชูุชุธุฑ! ุฃุฑุณู ุทูุจู ุงูุขู ูุงุจุฏุฃ ุงููุนุจ ุฎูุงู ูุตู ุณุงุนุฉ!"
LAGOFAST VIP ูุงุบููุงุณุช ูู ุงู ุจู,,1 MOIS,1400,
LAGOFAST VIP ูุงุบููุงุณุช ูู ุงู ุจู,,3 MOIS,2200,
LAGOFAST VIP ูุงุบููุงุณุช ูู ุงู ุจู,,12 MOIS,3550,"๐ LagoFast ูู ZED SERVICES - ุญููู ุงูุฃูุซู ูุชุณุฑูุน ุงูุฃูุนุงุจ!

โจ ููุงุฐุง LagoFastุ
โ ุชูููู ุงูุจูุฌ (Ping) - ุงุชุตุงู ุฃูุซุฑ ุงุณุชูุฑุงุฑูุง
โ ุชุญุณูู ุฃุฏุงุก ุงูุฃูุนุงุจ - ุจุฏูู ุชูุทูุน ุฃู ุชุฃุฎูุฑ
โ ูุฏุนู ุฌููุน ุงูุฃูุนุงุจ ุงูุดููุฑุฉ ูุซู PUBGุ CODุ Fortnite
โ ูุชูุงูู ูุน ุฌููุน ุงูุฃุฌูุฒุฉ (ููุจููุชุฑุ ุฃูุฏุฑููุฏุ ุขูููู)

โก ูุฏุฉ ุงูุชูุนูู:
15-30 ุฏูููุฉ ููุท ุจุนุฏ ุชุฃููุฏ ุงูุทูุจ!

๐ ุทุฑููุฉ ุงูุชูุนูู ุงูุขููุฉ:
ุฃุฑุณู ุจูุงูุงุช ุญุณุงุจู

ูููู ุจุงูุชูุนูู ุงููุจุงุดุฑ

ุงุณุชูุชุน ุจุฃุฏุงุก ุฃุณุฑุน ููุฑูุง

๐ ุฎุทุท ุงูุงุดุชุฑุงู:
ุดูุฑู | ุฑุจุน ุณููู | ุณููู (ููุฑ ูุน ุงูุงุดุชุฑุงู ุงูุทููู)

๐ฎ ุงูุฃูุนุงุจ ุงููุฏุนููุฉ:
PUBG | Call of Duty | Fortnite | Valorant | Free Fire | ูุบูุฑูุง

๐ฑ ุงูุฃุฌูุฒุฉ ุงููุชูุงููุฉ: | Android | iOS

๐ ููุงุฐุง ZED SERVICESุ
โ ุชูุนูู ุณุฑูุน ูุขูู
โ ุฏุนู ููู ูุชูุงุตู
โ ุฃุณุนุงุฑ ุชูุงูุณูุฉ

๐ฏ ุญููู ุชุฌุฑุจุฉ ูุนุจู ุงูููู ูุน LagoFast!

"
EXITLAG ุงูุณูุช ูุงุบ,,1 MOIS,1400,
EXITLAG ุงูุณูุช ูุงุบ,,12 MOIS ,5300,"๐ ExitLag Mobile ูู ZED SERVICES - ุงูุญู ุงูุฃูุซู ููุดุงูู ุงูุจูุฌ!

โจ ููุงุฐุง ExitLagุ
โ ุชูููู ุงูุจูุฌ (Ping) ุจุดูู ููุญูุธ
โ ุชุญุณูู ุงุณุชูุฑุงุฑ ุงูุงุชุตุงู ุฃุซูุงุก ุงููุนุจ
โ ูุฏุนู ุขูุงู ุงูุฃูุนุงุจ ุงูุนุงูููุฉ
โ ุญู ูุดุงูู ุงูุชูุทูุน ูุงูุชุฃุฎูุฑ ููุงุฆูุงู

โก ูุฏุฉ ุงูุชูุนูู:
15-30 ุฏูููุฉ ููุท ุจุนุฏ ุชุฃููุฏ ุงูุทูุจ!

๐ ุทุฑููุฉ ุงูุชูุนูู ุงูุขููุฉ:
ุฃุฑุณู ุจูุงูุงุช ุญุณุงุจู

ูููู ุจุงูุดุฑุงุก ูุงูุชูุนูู ุงููุจุงุดุฑ

ุงุณุชูุชุน ุจุฃุฏุงุก ูุซุงูู ููุฑุงู

๐ ุฎุทุท ุงูุงุดุชุฑุงู:
ุดูุฑู | 3 ุดููุฑ | 6 ุดููุฑ | ุณููู (ููุฑ ูุน ุงูุงุดุชุฑุงู ุงูุทููู)

๐ฎ ุงูุฃูุนุงุจ ุงููุฏุนููุฉ:
PUBG Mobile | Call of Duty Mobile | Fortnite | Mobile Legends | ูุบูุฑูุง ุงููุซูุฑ

๐ฑ ุงูุฃุฌูุฒุฉ ุงููุชูุงููุฉ:
Android | iOS

๐ ููุงุฐุง ุชุฎุชุงุฑ ZED SERVICESุ
โ ุชูุนูู ููุฑู ูุขูู
โ ุฏุนู ููู ูุชูุงุตู 24/7
โ ุฃุณุนุงุฑ ุชูุงูุณูุฉ ูุง ุชูุจู ุงูููุงูุณุฉ

๐ฏ ุญููู ุชุฌุฑุจุฉ ูุนุจู ุนูู ุงูููุจุงูู ุงูููู ูุน ExitLag!"
EA PLAY ุงู ุงู ุจูุงู,PC,1 MOIS,1300,
EA PLAY ุงู ุงู ุจูุงู,PC,12 MOIS,6500,"๐ฎ EA Play ูู ZED SERVICES - ูู ุงูุฃูู ูู ุนุงูู ุงูุฃูุนุงุจ!

โจ ููุงุฐุง EA Playุ
โ ูุตูู ุบูุฑ ูุญุฏูุฏ ูุฃุดูุฑ ุฃูุนุงุจ EA ูุซู FIFA ูBattlefield
โ ุชุฌุงุฑุจ ูุจูุฑุฉ ููุฃูุนุงุจ ุงูุฌุฏูุฏุฉ ูุจู ุงูุฌููุน
โ ุฎุตููุงุช ุญุตุฑูุฉ ุชุตู ุฅูู 10% ุนูู ุงููุดุชุฑูุงุช
โ ููุชุจุฉ ุฃูุนุงุจ ุถุฎูุฉ ุชุชุฌุฏุฏ ุจุงุณุชูุฑุงุฑ

โก ุณุฑุนุฉ ุงูุชูุนูู:
15-30 ุฏูููุฉ ููุท!

๐ ุทุฑููุฉ ุงูุชูุนูู ุงูุขููุฉ:
ุฃุฑุณู ุจูุงูุงุช ุญุณุงุจู EA

ูููู ุจุงูุชูุนูู ุงููุจุงุดุฑ

ุงุจุฏุฃ ุงููุนุจ ููุฑุงู

๐ ุฎุทุท ุงูุงุดุชุฑุงู:
1 ุดูุฑ

12 ุดูุฑ (ููุฑ ูุน ุงูุงุดุชุฑุงู ุงูุณููู)

๐ฎ ุงูุฃูุนุงุจ ุงููุชุงุญุฉ:
FIFA | Battlefield | Need for Speed | The Sims | Star Wars | ูุบูุฑูุง ุงููุซูุฑ

๐ป ุงูุฃุฌูุฒุฉ ุงููุฏุนููุฉ:
Windows ููุท (ุนุจุฑ EA App)

๐ ููุงุฐุง ZED SERVICESุ
โ ุชูุนูู ููุฑู ูุขูู
โ ุฏุนู ููู ูุชูุงุตู
โ ุฃุณุนุงุฑ ุชูุงูุณูุฉ

๐ฅ ุงูุทูู ูู ูุบุงูุฑุงุช ูุง ุชูุชูู ูุน EA Play ุงูููู!"
MICROSOFT 365 ูุงููุฑูุณููุช,,BASIC 1 MOIS,600,
MICROSOFT 365 ูุงููุฑูุณููุช,,BASIC 12 MOIS,3850,
MICROSOFT 365 ูุงููุฑูุณููุช,,PERSONAL 1 MOIS,1800,
MICROSOFT 365 ูุงููุฑูุณููุช,,PERSONAL 12 MOIS,12800,
MICROSOFT 365 ูุงููุฑูุณููุช,,1 MOIS FAMILY(6 Personnes),2200,
MICROSOFT 365 ูุงููุฑูุณููุช,,12 MOIS FAMILY(6 personnes),14300,
MOBILE LEGENDS ููุจุงูู ููุฌูุฏุฒ,42,DIAMONDS,400,
MOBILE LEGENDS ููุจุงูู ููุฌูุฏุฒ,56,DIAMONDS,450,
MOBILE LEGENDS ููุจุงูู ููุฌูุฏุฒ,86,DIAMONDS,500,
MOBILE LEGENDS ููุจุงูู ููุฌูุฏุฒ,112,DIAMONDS,700,
MOBILE LEGENDS ููุจุงูู ููุฌูุฏุฒ,140,DIAMONDS,900,
MOBILE LEGENDS ููุจุงูู ููุฌูุฏุฒ,172,DIAMONDS,930,
MOBILE LEGENDS ููุจุงูู ููุฌูุฏุฒ,257,DIAMONDS,1150,
MOBILE LEGENDS ููุจุงูู ููุฌูุฏุฒ,279,DIAMONDS,1450,
MOBILE LEGENDS ููุจุงูู ููุฌูุฏุฒ,284,DIAMONDS,1500,
MOBILE LEGENDS ููุจุงูู ููุฌูุฏุฒ,336,DIAMONDS,1800,
MOBILE LEGENDS ููุจุงูู ููุฌูุฏุฒ,355,DIAMONDS,1900,
MOBILE LEGENDS ููุจุงูู ููุฌูุฏุฒ,370,DIAMONDS,2100,
MOBILE LEGENDS ููุจุงูู ููุฌูุฏุฒ,518,DIAMONDS,2350,
MOBILE LEGENDS ููุจุงูู ููุฌูุฏุฒ,570,DIAMONDS,2550,
MOBILE LEGENDS ููุจุงูู ููุฌูุฏุฒ,706,DIAMONDS,2850,
MOBILE LEGENDS ููุจุงูู ููุฌูุฏุฒ,963,DIAMONDS,3750,
MOBILE LEGENDS ููุจุงูู ููุฌูุฏุฒ,1067,DIAMONDS,4400,
MOBILE LEGENDS ููุจุงูู ููุฌูุฏุฒ,1084,DIAMONDS,4500,
MOBILE LEGENDS ููุจุงูู ููุฌูุฏุฒ,1163,DIAMONDS,4650,
MOBILE LEGENDS ููุจุงูู ููุฌูุฏุฒ,1584,DIAMONDS,5850,
MOBILE LEGENDS ููุจุงูู ููุฌูุฏุฒ,1704,DIAMONDS,6750,
MOBILE LEGENDS ููุจุงูู ููุฌูุฏุฒ,1733,DIAMONDS,680,
MOBILE LEGENDS ููุจุงูู ููุฌูุฏุฒ,2195,DIAMONDS,7500,
MOBILE LEGENDS ููุจุงูู ููุฌูุฏุฒ,2398,DIAMONDS,8600,
MOBILE LEGENDS ููุจุงูู ููุฌูุฏุฒ,2855,DIAMONDS,10800,"๐ฎ Mobile Legends Top-Up ูู ZED SERVICES -  ููุฑู ูุขูู!

โจ ููู ุชุนูู ุงูุฎุฏูุฉุ
โ  ูุจุงุดุฑ ุนูู ุญุณุงุจู ุงูุดุฎุตู
โ ุทุฑู ุฏูุน ูุชุนุฏุฏุฉ (ุฃุญุฌุงุฑ ุงููุงุณุ ููุฑุงุชุ ุจุทุงูุงุช ุฃุญุฏุงุซ)
โ ุจุฏูู ุจุฑุงูุฌ ุทุฑู ุซุงูุซ - ุฃูุงู 100%

โก ูุฏุฉ ุงูุชุณููู:
15-30 ุฏูููุฉ ููุท!

๐ ุถูุงูุงุชูุง:
โ ุญูุงูุฉ ูุงููุฉ ูุจูุงูุงุช ุญุณุงุจู
โ ุฏุนู ููู ุณุฑูุน 24/7
โ ุฃุณุนุงุฑ ุชูุงูุณูุฉ ูุง ุชูุจู ุงูููุงูุณุฉ

๐ ููุงุญุธุงุช ูููุฉ:
โข ุชุฃูุฏ ูู ุตุญุฉ ุจูุงูุงุช ุงูุญุณุงุจ (ID + Server)
โข ุชุฌูุจ ูุดุงุฑูุฉ ูููุฉ ุงููุฑูุฑ (ูุทูุจ ID ููุท)
โข ุฎุฏูุฉ ูุชููุฑุฉ ูุฌููุน ุงูุณูุฑูุฑุงุช (Global/SEA)

๐ฌ ููุทูุจ: ุฃุฑุณู ููุง [ID + Server] ุงูุขู!"
CALL OF DUTY ููู ุงูู ุฏููุชู,,200 POINTS,650,
CALL OF DUTY ููู ุงูู ุฏููุชู,,500 POINTS,1400,
CALL OF DUTY ููู ุงูู ุฏููุชู,,1100 POINTS,2500,
CALL OF DUTY ููู ุงูู ุฏููุชู,,2400 POINTS,4700,
CALL OF DUTY ููู ุงูู ุฏููุชู,,5000 POINTS,9100,
CALL OF DUTY ููู ุงูู ุฏููุชู,,9500 POINTS,15800,
CALL OF DUTY ููู ุงูู ุฏููุชู,,13000 POINTS,19800,
CALL OF DUTY ููู ุงูู ุฏููุชู,,PACKS,4700,"๐ฏ  CP ูู Call of Duty ูู ZED SERVICES โ ุฃุณุฑุน ูุฃุถูู ุทุฑููุฉ!

โจ ููุงุฐุง ุชุฎุชุงุฑูุงุ
โ  ูุจุงุดุฑ ุนูู ุญุณุงุจู โ ุจุฏูู ุฃููุงุฏ ุฃู ุงูุชุธุงุฑ
โ ูุฏุนู ุฌููุน ุงูููุตุงุช (PS, Xbox, PC)
โ ุฃุณุนุงุฑ ุชูุงูุณูุฉ ูุน ุนุฑูุถ ุญุตุฑูุฉ
โ ุญูุงูุฉ ูุงููุฉ ูุญุณุงุจู ุฃุซูุงุก ุงูุนูููุฉ

โก ูุฏุฉ ุงูุชุณููู:
15-30 ุฏูููุฉ ููุท!

๐ ููู ูุชู ุงูุ
ุฃุฑุณู ุจูุงูุงุช ุญุณุงุจู (ูุง ุญุงุฌุฉ ููููุฉ ุงูุณุฑ)

ูููู ุจุงู ุงููุจุงุดุฑ

ุชุณุชูู CP ููุฑุงู

๐ฎ ุงูููุตุงุช ุงููุฏุนููุฉ:
PlayStation | Xbox | PC

๐ ุถูุงูุงุช ZED SERVICES:
โ ุฃูุงู ุชุงู ููุญุณุงุจ
โ ุฏุนู ููู 24/7
โ ุณุฑูุฉ ุชุงูุฉ ููุจูุงูุงุช

๐ฅ ุงุทูุจ ุงูุขู ูุญุณูู ุชุฌุฑุจุฉ ูุนุจู ูู ููุฏ!"
DUOLINGO SUPER ุฏููููุบู ุณูุจุฑ,,PERSONAL 1 MOIS,1150,
DUOLINGO SUPER ุฏููููุบู ุณูุจุฑ,,PERSONAL 12 MOIS,6100,
DUOLINGO SUPER ุฏููููุบู ุณูุจุฑ,,12 MOIS  FAMILY(6 ?????),7800,"๐ Duolingo Super ูู ZED SERVICES - ุชุนููู ุงููุบุงุช ุจุฏูู ุญุฏูุฏ!

โจ ูููุฒุงุช ุงูุงุดุชุฑุงู:
โ ุฏุฑูุณ ุจุฏูู ุฅุนูุงูุงุช - ุชุฑููุฒ ูุงูู ุนูู ุงูุชุนูู
โ ุงุฎุชุจุงุฑุงุช ุชูุฏู ุบูุฑ ูุญุฏูุฏุฉ - ุชุงุจุน ูุณุชูุงู ุจุฏูุฉ
โ ุชูุฒูู ุงูุฏุฑูุณ - ุชุนููู ูู ุฃู ููุช ุจุฏูู ุฅูุชุฑูุช
โ ุดุงุดุฉ ุงูุชูุฏู ุงูุชูุตูููุฉ - ุชุชุจุน ุชุทูุฑู ูู ูู ูุบุฉ

โก ูุฏุฉ ุงูุชูุนูู:
15-30 ุฏูููุฉ ููุท!

๐ ุทุฑููุฉ ุงูุชูุนูู:

ุฃุฑุณู ุจูุงูุงุช ุญุณุงุจ Duolingo ุงูุฎุงุต ุจู

ูููู ุจุงูุชูุนูู ุงููุจุงุดุฑ

ุงุจุฏุฃ ุงูุชุนูู ุจูุฒุงูุง Super ููุฑุงู

๐ฑ ูุนูู ุนูู ุฌููุน ุงูุฃุฌูุฒุฉ:
iOS | Android | ุงููุชุตูุญ

๐น ZED SERVICES ุชุถูู ูู:
โ ุชูุนูู ุขูู ูุณุฑูุน
โ ุฏุนู ููู ูุชูุงุตู
โ ุฃุณุนุงุฑ ุชูุงูุณูุฉ

๐ฌ ุญููู ุชุฌุฑุจุฉ ุชุนูู ุงููุบุงุช ุงูุฎุงุตุฉ ุจู ุงูููู!"
BATTLEFIELD 6 ุจุงุชููููุฏ,SEASON 1 STARTER PACK,,1250,
BATTLEFIELD 6 ุจุงุชููููุฏ,ROGUE OPS PACK,,4600,
BATTLEFIELD 6 ุจุงุชููููุฏ,SEASON 1 BATTLEFIELD PRO,,4750,
BATTLEFIELD 6 ุจุงุชููููุฏ,SEASON 1 ADVANCED PACK,,3350,
BATTLEFIELD 6 ุจุงุชููููุฏ,PHANTOM UPGRADE,,3350,
BATTLEFIELD 6 ุจุงุชููููุฏ,500 BFC,,1500,
BATTLEFIELD 6 ุจุงุชููููุฏ,1100 BFC,,2650,
BATTLEFIELD 6 ุจุงุชููููุฏ,2400 BFC,,5250,
APEX LEGENDS ุงูุจูุณ ููุฌูุฏุฒ,ULTIMATE BATTLE PASS,,2250,
APEX LEGENDS ุงูุจูุณ ููุฌูุฏุฒ,500 APEX COINS,,1300,
APEX LEGENDS ุงูุจูุณ ููุฌูุฏุฒ,1000 APEX COINS,,2300,
APEX LEGENDS ุงูุจูุณ ููุฌูุฏุฒ,2150 APEX COINS,,4500,
APEX LEGENDS ุงูุจูุณ ููุฌูุฏุฒ,4350 APEX COINS,,8700,
APEX LEGENDS ุงูุจูุณ ููุฌูุฏุฒ,10 EXOTIC SHARDS,,2300,
APEX LEGENDS ุงูุจูุณ ููุฌูุฏุฒ,50 EXOTIC SHARDS,,8800,
PS PLUS ุจูุงูุณุชูุดู ุจูุณ,๐ฃ ESSENTIAL 1 MOIS,,1900,
PS PLUS ุจูุงูุณุชูุดู ุจูุณ,๐ฃ ESSENTIAL 3 MOIS,,4900,
PS PLUS ุจูุงูุณุชูุดู ุจูุณ,๐ฃ ESSENTIAL 12 MOIS,,16000,
PS PLUS ุจูุงูุณุชูุดู ุจูุณ,๐ฃ EXTRA 1 MOIS,,2900,"๐ ZED SERVICES | ุฎุฏูุงุช ุฒูุฏ ุงูุฑูููุฉ
ุฃุณุฑุน - ุฃููุฑ - ุฃูุซุฑ ุฃูุงูุงู!

โ ุงูุฃุณุฆูุฉ ูุงูุฃุฌูุจุฉ โ PlayStation Plus
1๏ธโฃ ูุง ูู PlayStation Plusุ ๐ฎ

ุงุดุชุฑุงู ุฑุณูู ูู PlayStation ูุชูุญ ูุนุจ ุฃูููุงูู ูุงููุตูู ุฅูู ููุชุจุฉ ุถุฎูุฉ ูู ุงูุฃูุนุงุจ ุงูุฌุงูุฒุฉ ููุชุญููู.

2๏ธโฃ ูู ุนุฏุฏ ุงูุฃูุนุงุจ ุงููุชููุฑุฉุ ๐

ุฃูุซุฑ ูู 400 ูุนุจุฉ (ูุฎุชูู ุงูุนุฏุฏ ุญุณุจ ุงูุจุงูุฉ) ุชุดูู ุฃูุนุงุจ PS4 ูPS5.

3๏ธโฃ ูู ุงูุฃูุนุงุจ ูุงููุฉ ุฃู ุชุฌุฑูุจูุฉุ โ

ุฌููุน ุงูุฃูุนุงุจ ูุงููุฉ 100% ููุงุจูุฉ ููุชุญููู ูุงููุนุจ ุทุงููุง ุงูุงุดุชุฑุงู ูุนูุงู.
"
PS PLUS ุจูุงูุณุชูุดู ุจูุณ,๐ฃ EXTRA 3 MOIS,,8000,
PS PLUS ุจูุงูุณุชูุดู ุจูุณ,๐ฃ EXTRA 12 MOIS,,23900,"4๏ธโฃ ูุง ุฃุดูุฑ ุงูุฃูุนุงุจ ุงููุชููุฑุฉุ โญ

God of Warุ FIFA / EA FCุ GTA Vุ Red Dead Redemption 2ุ The Last of Usุ Spider-Manุ Assassinโs Creedุ Unchartedุ ูุบูุฑูุง ุงููุซูุฑ.

5๏ธโฃ ูู ุชุชุฌุฏุฏ ุงูุฃูุนุงุจุ ๐

ูุนู. ูุชู ุฅุถุงูุฉ ุฃูุนุงุจ ุฌุฏูุฏุฉ ุจุงูุชุธุงู ูุน ุชุญุฏูุซ ููุชุจุฉ PlayStation Plus.

6๏ธโฃ ูู ุงูุงุดุชุฑุงู ุถุฑูุฑู ููุนุจ ุฃูููุงููุ ๐

ูุนู. PlayStation Plus ูุทููุจ ููุนุจ ุฃูููุงูู ูู ุฃุบูุจ ุฃูุนุงุจ PlayStation.

7๏ธโฃ ูู ูุฐุง ููุฏ ุฃู ุญุณุงุจุ ๐

ุงูุงุดุชุฑุงู ูุชู ุชูุนููู ุนูู ุญุณุงุจ PlayStation ุญุณุจ ููุน ุงูุนุฑุถ ุงููุชููุฑ (ููุฏ ุฃู ุญุณุงุจ)."
PS PLUS,๐ฃ PREMIUM/DELUXE 1 MOIS,,3200,
PS PLUS ุจูุงูุณุชูุดู ุจูุณ,๐ฃ PREMIUM/DELUXE 3 MOIS,,9900,
PS PLUS ุจูุงูุณุชูุดู ุจูุณ,๐ฃ PREMIUM/DELUXE 12 MOIS,,29000,"
9๏ธโฃ ุนูู ุฃู ุฃุฌูุฒุฉ ูุนููุ ๐ฎ

ูุนูู ุนูู PS4 ูPS5.

๐ ูู PlayStation Plus ุฃููุฑ ูู ุดุฑุงุก ุงูุฃูุนุงุจุ ๐ฐ

ูุนู. ุชูููุฉ ุงูุงุดุชุฑุงู ุฃูู ุจูุซูุฑ ูู ุดุฑุงุก ุงูุฃูุนุงุจ ุจุดูู ูููุตูุ ุฎุงุตุฉ ูุน ููุชุจุฉ ุชุชุฌุงูุฒ ูุฆุงุช ุงูุฃูุนุงุจ.

๐ง ุงูููุฎุต ุงูุณุฑูุน

๐ฎ ุฃูุซุฑ ูู 400 ูุนุจุฉ
โญ ุฃุดูุฑ ุฃูุนุงุจ PlayStation
๐ ูุนุจ ุฃูููุงูู
๐ฎ PS4 + PS5
๐ ููุชุจุฉ ุชุชุฌุฏุฏ ุจุงุณุชูุฑุงุฑ"
CARTES NFC PERSONNALISEES ุจุทุงูุงุช NFC,Carte VIP,LOGO ET DESIGN (DE VOTRE PART),2500,"NFC ุงููุชููุฒุฉ - ููู ุชุดุจู ุงูุขุฎุฑูู ุฅุฐุง ูุงู ุจุฅููุงูู ุงูุชููุฒ ุจูู ุฃูุงูุฉุ ๐โจ  
ุงุฑุชูู ุจูุณุชูุงู ุงูุงุญุชุฑุงูู ุฅูู ุฃุจุนุงุฏ ุฌุฏูุฏุฉ! ูุน ุจุทุงูุงุช NFC ุงููุฎุตุตุฉ ุนุงููุฉ ุงูุฌูุฏุฉุ ูู ุชููู ูุฌุฑุฏ ุฑูู ูู ุงูุณูู - ุจู ุณุชููู ุงููุฌูุฉ ุงูุฃูุซุฑ ุฃูุงูุฉ ูุชุฃุซูุฑุงู.  
ููุงุฐุง ูุฐู ุงูุจุทุงูุงุช ุณุชุฌุนูู ุชุดุนุฑ ุฃูู ูู ูุตุงู 
ุงูุฃูุถูุ  
โ ุฒูุงุฏุฉ ุงูุฒุจุงุฆู ุจูุณุจุฉ 300% ๐ ุงูุจุทุงูุงุช ุงูุชูููุฏูุฉ ูู ุชุนุฏ ูุนุงูุฉุ ููุนุธู ุงุงุฒุจุงุฆู ูุชุฎูุตูู ูููุง ุจุณุจุจ ุชูุฏุณูุง ูู ูุญุงูุธูู ู ุฌููุจููุ ููู ุงูุฌููุน ูุณุชุนูู ุงูููุงุชูุ ูุฐูู ุณุชููู ูุฐู ุงูุจุทุงูุฉ ุทุฑููุฉ ุฑุงุฆุนุฉ ููุชุฃูุฏ ูู ุฃู ุฒุจุงุฆููู ูู ูููุฏูุง ูุนูููุงุชูู.  "
CARTES NFC PERSONNALISEES ุจุทุงูุงุช NFC,Carte VIP,LOGO ET DESIGN (DESIGN PROFESSIONEL PAR NOUS),3500,"ุจุทุงูุงุช 
โ ููุณุฉ ูุงุฎุฑุฉ ๐ ุชุตููู ุฑุงูู ูุฎุทู ุงูุฃูุธุงุฑ ูู ุฃูู ูุธุฑุฉ
ย 
โ ุชููุฒ ูุง ูุซูู ูู ๐ ูุฏูุน ุงูุจุทุงูุงุช ุงูุนุงุฏูุฉ ูุงุฑุชูู ุจูุณุชูุงูย 
โ ุชุฌุฑุจุฉ VIP ๐ฒ ููู ุงูุจูุงูุงุช ุจุณูุงุณุฉ ูููุงุกุฉ ุนุงููุฉ
ย 
โ ุฅุจูุงุฑ ุงูุนููุงุก ู ุงูุฒุจุงุฆูโจย ุจูุฌุฑุฏ ุชูุฑูุจ ุงูุจุทุงูุฉ ูู ูุงุชู ุงูุฒุจูู ุณุชุฎุฑุฌ ููย ูุนูููุงุชู ุงูููุฌูุฏุฉ ูู ุงููููุน ูุจุงุดุฑุฉุ ู ุณุชุจูู ูู ูุงุชู ุงูุฒุจูู ูุชุณููู ุงูุชูุงุตู ูุนูยย 
ูุฐู ุงูุจุทุงูุงุช ุตููุช ุฎุตูุตุงู ูููุฎุจุฉ:ย 
- ุฑูุงุฏ ุงูุฃุนูุงู ุงูุฐูู ูุฑูุถูู ุฃู ูููููุง ุนุงุฏูููย 
- ุงููุญุชุฑููู ุงูุจุงุญุซูู ุนู ุงูุชููุฒ ูู ูู ุชูุตููย 
- ุงูุนูุงูุงุช ุงูุชุฌุงุฑูุฉ ุงููุงุฎุฑุฉ ุงูุชู ุชุฑูุฏ ุชุฑู ุจุตูุฉ ูุง ุชูุณูย 
ย 
๐ฒ ุงุทูุจ ุจุทุงูุชู ุงููุชููุฒุฉ ุงูุขู ูุงุฌุนู ูู ูู ููุณููุง ูุดุนุฑ ุจุฃูู ูุชุนุงูู ููุง ูู ูุชุนุงูู ูู ูุจู!"
ARC RAIDERS ุงุฑู ุฑุงูุฏุฑุฒ,,,2000,"๐ฎ๐ฅ ูุนุจุฉ ARC RAIDERS ุฑุงูู ูุชููุฑุฉ ูู ZED SERVICES! ๐ฅ๐ฎ

ุฌุงูุฒ ุชุฏุฎู ูุนุงูู ุงูุฃูุดู ุจุตุญุ ๐
ุงููุนุจุฉ ุฑุงูู ุฎุฑุงููุฉ ูู ูุงุญูุฉ ุงูุบุฑุงููุณ ูุงู Gameplay ๐ฅ
ูุชูุฏุฑ ุชุทูุจูุง ูู ุนูุฏูุง ุจูู ุณูููุฉุ ูุงูุชูุตููุ ๐ ุฃุณุฑุน ูู ุงูุถูุก!

๐ ุฒุจุงุฆููุง ุฏููุง ูุงูููุจ โค๏ธ ุฎุฏูุชูุง ูุธููุฉุ ูุฌุงูุจูู ุจุณุฑุนุฉ ููุชุนุงููู ูุนุงู ุจุงุญุชุฑุงู ูุงูู ๐

๐ ุฏูุฑ ุทูุจูุชู ุงูููู ูู ZED SERVICES ูุฎูู ุฑูุญู ุชุนูุด ุงูุชุฌุฑุจุฉ ๐ฅ

ุจุนุฏ ุงูุฏูุน ุฃุฑุณููุง ุญุณุงุจูู ู ุณูููู ุจุชูููุฐ ุงูุนูููุฉ ูู ุฃูู ูู 30 ุฏูููุฉ"




























































